#name	start	end	strand
thrL	190	252	+
thrA	337	2796	+
thrB	2801	3730	+
thrC	3734	5017	+
yaaX	5234	5527	+
yaaA	5686	6459	-
yaaJ	6532	7959	-
talB	8238	9188	+
mog	9306	9890	+
yaaH	9931	10494	-
yaaW	10646	11356	-
yaaI	11385	11786	-
dnaK	12163	14076	+
dnaJ	14168	15295	+
insL	15445	16554	+
hokC	16754	16903	-
mokC	16754	16960	-
nhaA	17489	18652	+
nhaR	18715	19617	+
insB	19814	20314	-
insA	20236	20508	-
rpsT	20818	21078	-
yaaY	21181	21396	+
ribF	21407	22345	+
ileS	22391	25204	+
lspA	25207	25698	+
fkpB	25826	26272	+
ispH	26277	27224	+
rihC	27293	28204	+
dapB	28374	29192	+
carA	29651	30796	+
carB	30817	34035	+
caiF	34300	34692	+
caiE	34784	35371	-
caiD	35380	36162	-
caiC	36274	37824	-
caiB	37901	39115	-
caiA	39247	40386	-
caiT	40420	41931	-
fixA	42403	43170	+
fixB	43188	44126	+
fixC	44180	45463	+
fixX	45463	45747	+
yaaU	45807	47135	+
kefF	47246	47773	+
kefC	47769	49628	+
folA	49823	50299	+
apaH	50383	51222	-
apaG	51232	51606	-
rsmA	51612	52430	-
pdxA	52430	53416	-
surA	53419	54702	-
lptD	54758	57109	-
djlA	57364	58176	+
rluA	59690	60346	-
rapA	60361	63264	-
polB	63432	65780	-
araD	65858	66550	-
araA	66838	68337	-
araB	68351	70048	-
araC	70387	71262	+
yabI	71351	72112	+
thiQ	72232	72927	-
thiP	72914	74521	-
thiB	74500	75480	-
sgrR	75647	77299	-
sgrT	77388	77516	+
setA	77621	78796	+
leuD	78851	79453	-
leuC	79467	80864	-
leuB	80870	81958	-
leuA	81961	83529	-
leuL	83625	83708	-
leuO	84368	85309	+
ilvI	85630	87351	+
ilvH	87357	87845	+
cra	88028	89029	+
mraZ	89634	90089	+
rsmH	90094	91032	+
ftsL	91032	91394	+
ftsI	91413	93176	+
murE	93166	94650	+
murF	94650	96005	+
mraY	96002	97081	+
murD	97087	98400	+
ftsW	98403	99644	+
murG	99644	100708	+
murC	100765	102237	+
ddlB	102233	103150	+
ftsQ	103155	103982	+
ftsA	103982	105241	+
ftsZ	105305	106453	+
lpxC	106557	107471	+
secM	107705	108214	+
secA	108279	110981	+
mutT	111044	111430	+
yacG	111652	111846	-
yacF	111859	112599	-
coaE	112602	113219	-
guaC	113444	114484	+
hofC	114525	115724	-
hofB	115717	117099	-
ppdD	117112	117549	-
nadC	117755	118645	-
ampD	118733	119281	+
ampE	119281	120132	+
aroP	120181	121551	-
pdhR	122092	122853	+
aceE	123017	125677	+
aceF	125695	127584	+
lpd	127912	129333	+
yacH	129410	131260	-
acnB	131615	134209	+
yacL	134388	134747	+
speD	134791	135582	-
speE	135601	136464	-
yacC	136573	136917	-
cueO	137083	138630	+
gcd	138838	141225	-
hpt	141431	141964	+
can	142011	142670	-
yadG	142779	143702	+
yadH	143702	144469	+
yadI	144577	145014	+
yadE	145081	146307	+
panD	146317	146694	-
yadD	146968	147867	+
panC	147947	148795	-
panB	148810	149601	-
yadC	149718	150953	-
yadK	151006	151599	-
yadL	151629	152231	-
yadM	152246	152812	-
htrE	152832	155426	-
ecpD	155464	156201	-
yadN	156302	156883	-
folK	157256	157732	-
pcnB	157732	159126	-
gluQ	159189	160112	-
dksA	160152	160604	-
sfsA	160785	161486	-
ligT	161504	162031	-
hrpB	162105	164531	+
mrcB	164730	167261	+
fhuA	167484	169724	+
fhuC	169778	170572	+
fhuD	170575	171462	+
fhuB	171462	173441	+
hemL	173605	174882	-
clcA	175107	176525	+
erpA	176610	176951	+
yadS	177004	177624	-
btuF	177665	178462	-
mtn	178458	179153	-
dgt	179237	180751	+
degP	180884	182305	+
cdaR	182463	183617	+
yaeH	183712	184095	-
yaeI	184260	185069	-
dapD	185126	185947	-
glnD	185981	188650	-
map	188715	189506	-
rpsB	189874	190596	+
tsf	190857	191705	+
pyrH	191855	192577	+
frr	192872	193426	+
dxr	193521	194714	+
ispU	194903	195661	+
cdsA	195677	196531	+
rseP	196546	197895	+
bamA	197928	200357	+
skp	200482	200964	+
lpxD	200971	201993	+
fabZ	202101	202553	+
lpxA	202560	203345	+
lpxB	203348	204493	+
rnhB	204493	205086	+
dnaE	205126	208605	+
accA	208621	209577	+
ldcC	209679	211817	+
yaeR	211877	212263	+
tilS	212331	213626	+
rof	213681	213932	-
yaeP	213928	214125	-
yaeQ	214291	214833	+
yaeJ	214833	215252	+
nlpE	215269	215976	+
yaeF	216182	217003	-
proS	217060	218775	-
yaeB	218890	219594	-
rcsF	219594	219995	-
metQ	220116	220928	-
metI	220971	221621	-
metN	221617	222645	-
gmhB	222833	223405	+
dkgB	229167	229967	+
yafC	229970	230881	-
yafD	231122	231919	+
yafE	231926	232546	+
mltD	232600	233955	-
gloB	234030	234782	-
yafS	234816	235535	+
rnhA	235538	236002	-
dnaQ	236067	236795	+
yafT	237335	238117	+
ykfM	238260	238736	-
yafV	239422	240189	-
ivy	240343	240813	+
fadE	240862	243303	-
lpcA	243543	244118	+
yafJ	244327	245091	+
yafK	245068	245805	-
yafQ	245964	246239	-
dinJ	246245	246502	-
yafL	246712	247458	+
rayT	247637	248131	+
dinB	250898	251950	+
yafN	252005	252295	+
yafO	252301	252696	+
yafP	252709	253158	+
pepD	254262	255716	-
gpt	255977	256432	+
frsA	256527	257768	+
crl	257829	258227	+
phoE	258272	259324	-
proB	259612	260712	+
proA	260727	261977	+
ykfI	262555	262893	-
yafW	262917	263231	-
ykfH	263253	263471	-
ykfG	263483	263956	-
yafX	263975	264430	-
ykfF	264531	264767	-
ykfB	264847	265311	-
yafY	265337	265777	-
yafZ	266411	267229	-
ykfA	267324	268184	-
perR	268516	269406	-
insI	269827	270975	+
insH	273328	274341	-
mmuP	274549	275949	+
mmuM	275939	276868	+
afuC	276983	278026	-
insB	278405	278905	-
insA	278827	279099	-
yagA	280056	281207	-
yagE	281502	282407	+
yagF	282425	284389	+
yagG	284619	285998	+
yagH	286013	287620	+
yagI	287631	288386	-
argF	288528	289529	-
insB	289876	290376	-
insA	290298	290570	-
yagK	291549	292172	-
yagL	292447	293142	-
yagM	293172	294023	-
yagN	294366	294803	-
intF	294923	296320	-
paoD	296997	297950	-
paoC	297963	300158	-
paoB	300158	301111	-
paoA	301111	301797	-
yagU	302215	302826	+
ykgJ	303080	303406	-
yagV	303722	304429	-
yagW	304401	306041	-
yagX	306034	308556	-
matC	308585	309250	-
matB	309311	309895	-
matA	309973	310560	-
ykgL	311336	311560	+
ykgO	311601	311738	-
ykgM	311741	312001	-
ykgR	312368	312466	-
insE	314515	314811	+
insF	314811	315674	+
ykgB	316953	317543	-
ykgI	317558	317791	-
ykgC	317903	319225	-
ykgD	319451	320302	+
ykgE	320832	321548	+
ykgF	321562	322986	+
ykgG	322982	323674	+
ykgH	323923	324588	-
betA	324804	326471	-
betB	326488	327957	-
betI	327974	328558	-
betT	328687	330717	+
yahA	331595	332680	+
yahB	332728	333657	-
yahC	333752	334246	-
yahD	334504	335106	+
yahE	335149	336009	+
yahF	336002	337546	+
yahG	337549	338964	+
yahI	339389	340336	+
yahJ	340349	341728	+
yahK	342108	343154	+
yahL	343400	344212	+
yahM	344628	344870	+
yahN	344893	345561	-
yahO	345708	345980	+
prpR	346084	347667	-
prpB	347906	348793	+
prpC	349236	350402	+
prpD	350439	351887	+
prpE	351930	353813	+
codB	354146	355402	+
codA	355395	356675	+
cynR	357018	357914	-
cynT	358023	358679	+
cynS	358713	359180	+
cynX	359216	360367	+
lacA	360476	361084	-
lacY	361153	362403	-
lacZ	362458	365529	-
lacI	365655	366734	-
mhpR	366814	367644	-
mhpA	367835	369496	+
mhpB	369501	370442	+
mhpC	370448	371326	+
mhpD	371339	372145	+
mhpF	372145	373092	+
mhpE	373092	374102	+
mhpT	374683	375891	+
yaiL	375996	376532	+
frmB	376762	377592	-
frmA	377689	378795	-
frmR	378833	379105	-
yaiO	379296	380066	-
insC	380575	380937	+
insD	380898	381800	+
yaiP	381966	383159	-
yaiS	383286	383840	-
tauA	384456	385415	+
tauB	385431	386195	+
tauC	386195	387019	+
tauD	387019	387867	+
hemB	387980	388951	-
insF	390966	391829	-
insE	391829	392125	-
yaiV	393730	394350	+
ampH	394357	395511	-
sbmA	395863	397080	+
yaiW	397096	398187	+
yaiY	398252	398557	-
yaiZ	398817	399026	+
ddlA	399056	400147	-
iraP	400610	400867	+
phoA	400971	402383	+
psiF	402505	402822	+
adrA	402927	404039	+
proC	404062	404868	-
yaiI	404988	405443	+
aroL	405629	406150	+
yaiA	406203	406391	+
aroM	406652	407326	+
yaiE	407401	407682	+
rdgC	408335	409243	-
mak	409368	410273	+
araJ	410524	411705	-
sbcC	411834	414977	-
sbcD	414977	416176	-
phoB	416366	417052	+
phoR	417113	418405	+
brnQ	418815	420131	+
proY	420210	421580	+
malZ	421742	423553	+
acpH	423564	424142	-
queA	424235	425302	+
tgt	425361	426485	+
yajC	426511	426840	+
secD	426871	428715	+
secF	428729	429697	+
yajD	429829	430173	+
tsx	430356	431237	-
yajI	431539	432075	-
nrdR	432226	432672	+
ribD	432679	433779	+
ribE	433871	434338	+
nusB	434361	434777	+
thiL	434858	435832	+
pgpA	435813	436328	+
yajO	436388	437359	-
dxs	437542	439401	-
ispA	439429	440325	-
xseB	440328	440567	-
thiI	440773	442218	+
yajL	442278	442865	-
panE	442831	443739	-
yajQ	443907	444395	+
yajR	444529	445890	-
cyoE	446042	446929	-
cyoD	446944	447270	-
cyoC	447273	447884	-
cyoB	447877	449865	-
cyoA	449890	450834	-
ampG	451297	452769	-
yajG	452816	453391	-
bolA	453696	454010	+
tig	454357	455652	+
clpP	455901	456521	+
clpX	456650	457921	+
lon	458112	460463	+
hupB	460675	460944	+
ppiD	461139	463007	+
ybaV	463161	463529	+
fadM	463626	464021	+
queC	464079	464771	-
ybaE	464839	466536	-
cof	466636	467451	+
ybaO	467607	468062	+
mdlA	468095	469864	+
mdlB	469860	471638	+
glnK	471822	472157	+
amtB	472190	473473	+
tesB	473528	474385	-
ybaY	474603	475172	+
ybaZ	475209	475595	-
ybaA	475896	476246	+
ylaB	476294	477841	-
ylaC	478008	478475	-
maa	478594	479142	-
hha	479317	479532	-
tomB	479561	479932	-
acrB	480481	483627	-
acrA	483653	484843	-
acrR	484985	485629	+
kefA	485760	489119	+
ybaM	489337	489495	-
priC	489512	490036	-
ybaN	490106	490480	+
apt	490636	491184	+
dnaX	491316	493244	+
ybaB	493300	493626	+
recR	493629	494231	+
htpG	494344	496215	+
adk	496399	497040	+
hemH	497279	498238	+
aes	498241	499197	-
gsk	499349	500650	+
ybaL	500789	502462	-
fsr	502703	503920	-
ushA	504138	505787	+
ybaK	505830	506306	-
ybaP	506513	507304	-
ybaQ	507442	507780	+
copA	508102	510603	-
ybaS	510865	511794	+
ybaT	511800	513089	+
cueR	513217	513621	+
ybbJ	513628	514083	-
qmcA	514083	514997	-
ybbL	515143	515817	+
ybbM	515807	516583	+
ybbN	516652	517503	-
ybbO	517567	518373	-
tesA	518366	518989	-
ybbA	518957	519640	+
ybbP	519640	522051	+
rhsD	522485	526762	+
ybbC	526805	527170	+
selU	529359	530450	-
allS	530522	531445	-
allA	531675	532154	+
allR	532235	533047	+
gcl	533140	534918	+
hyi	534934	535707	+
glxR	535810	536685	+
ybbW	536857	538308	+
allB	538371	539729	+
ybbY	539789	541087	+
glxK	541112	542254	+
ylbA	542488	543270	-
allC	543284	544516	-
allD	544541	545587	-
fdrA	545904	547568	+
ylbF	548850	549662	+
ybcF	549662	550552	+
purK	550753	551817	-
purE	551817	552323	-
lpxH	552444	553163	-
ppiB	553169	553660	-
cysS	553834	555216	+
ybcI	555258	555776	-
ybcJ	555887	556096	-
folD	556101	556964	-
sfmA	557435	557974	+
sfmC	558197	558886	+
sfmD	558920	561520	+
sfmH	561559	562539	+
sfmF	562553	563065	+
fimZ	563074	563703	-
intD	564041	565201	-
insE	566065	566361	+
insF	566361	567224	+
emrE	567538	567867	+
ybcK	568125	569648	+
ybcL	570116	570664	+
ybcM	570677	571471	+
ylcH	571591	571689	+
ybcN	571689	572141	+
ninE	572144	572311	+
ybcO	572307	572594	+
rusA	572594	572953	+
ylcG	572953	573090	+
quuD	573179	573559	+
insH	573963	574976	-
essD	576621	576833	+
rrrD	576836	577330	+
rzpD	577330	577788	+
rzoD	577550	577729	+
borD	577826	578116	-
ybcV	578410	578817	-
ybcW	579103	579306	+
ylcI	579477	579668	-
nohD	580057	580599	+
appY	582904	583650	+
ompT	583906	584856	-
envY	585373	586131	-
ybcH	586317	587204	-
nfrA	587208	590177	-
nfrB	590167	592401	-
cusS	592554	593993	-
cusR	593986	594666	-
cusC	594823	596193	+
cusF	596354	596683	+
cusB	596702	597922	+
cusA	597937	601077	+
pheP	601182	602555	+
mscM	602642	603886	-
nfsB	603997	604647	-
ybdF	604744	605109	-
ybdJ	605177	605422	-
ybdK	605491	606606	-
hokE	607059	607208	+
insL	607288	608397	+
entD	608685	609302	-
fepA	609480	611717	-
fes	612038	613159	+
ybdZ	613165	613380	+
entF	613380	617258	+
fepE	617477	618607	+
fepC	618610	619422	-
fepG	619422	620411	-
fepD	620411	621412	-
entS	621523	622770	+
fepB	622780	623733	-
entC	624108	625280	+
entE	625293	626900	+
entB	626917	627771	+
entA	627774	628517	+
entH	628523	628933	+
cstA	629117	631219	+
ybdD	631405	631599	+
ybdH	631615	632700	-
ybdL	632809	633966	+
ybdM	633973	634599	-
ybdN	634575	635792	-
ybdO	635942	636841	-
dsbG	637053	637796	-
ahpC	638168	638728	+
ahpF	638976	640538	+
uspG	640665	641090	-
ybdR	641311	642546	+
rnk	642783	643190	-
rna	643423	644226	-
citT	644343	645803	-
citG	645857	646732	-
citX	646710	647258	-
citF	647265	648794	-
citE	648808	649713	-
citD	649713	650006	-
citC	650024	651079	-
dpiB	651458	653113	+
dpiA	653085	653762	+
dcuC	653809	655191	-
pagP	655780	656337	+
cspE	656515	656721	+
crcB	656781	657161	-
tatE	658170	658370	+
lipA	658477	659439	-
ybeF	659651	660601	-
lipB	660863	661501	-
ybeD	661605	661865	-
dacA	661978	663186	-
rlpA	663328	664413	-
mrdB	664427	665536	-
mrdA	665542	667440	-
rlmH	667474	667938	-
ybeB	667945	668259	-
cobC	668522	669130	-
nadD	669157	669795	-
holA	669800	670828	-
lptE	670831	671409	-
leuS	671427	674006	-
ybeL	674241	674720	+
ybeQ	674796	675770	-
ybeR	675934	676638	+
djlB	676638	678062	+
ybeT	678078	678629	-
ybeU	678731	679435	+
djlC	679435	680883	+
hscC	680949	682616	-
rihA	682703	683635	-
gltL	683756	684478	-
gltK	684481	685152	-
gltJ	685155	685892	-
gltI	686065	686970	-
insH	687223	688236	-
lnt	688569	690104	-
ybeX	690132	691007	-
ybeY	691100	691564	-
ybeZ	691564	692601	-
miaB	692757	694178	-
ubiF	694324	695496	+
asnB	696739	698400	-
nagD	698800	699549	-
nagC	699600	700817	-
nagA	700829	701974	-
nagB	702037	702834	-
nagE	703167	705110	+
glnS	705316	706977	+
chiP	707557	708960	+
chiQ	709013	709336	+
fur	709426	709869	-
uof	709865	709948	-
fldA	710161	710688	-
ybfE	710831	711121	-
ybfF	711264	712025	-
seqA	712210	712752	+
pgm	712781	714418	+
ybfP	714635	715126	+
potE	716172	717488	-
speF	717488	719683	-
ybfK	719806	720060	+
kdpE	720282	720956	-
kdpD	720956	723637	-
kdpC	723633	724202	-
kdpB	724214	726259	-
kdpA	726285	727955	-
kdpF	727958	728044	-
ybfA	728357	728560	+
rhsC	728806	732996	+
ybfB	732999	733322	+
ybfC	734873	735439	+
ybfD	737315	738073	+
ybgA	738224	738730	+
phr	738730	740145	+
dtpD	740301	741779	-
ybgI	742050	742790	+
ybgJ	742816	743469	+
ybgK	743466	744395	+
ybgL	744388	745119	+
nei	745158	745946	+
abrB	745949	746992	-
ybgO	747147	748205	-
ybgP	748205	748930	-
ybgQ	748948	751392	-
ybgD	751455	752018	-
gltA	752411	753691	-
sdhC	754400	754786	+
sdhD	754783	755127	+
sdhA	755130	756893	+
sdhB	756912	757625	+
sucA	757929	760727	+
sucB	760745	761959	+
sucC	762237	763400	+
sucD	763403	764269	+
mngR	764379	765098	-
mngA	765207	767180	+
mngB	767201	769831	+
cydA	770681	772246	+
cydB	772265	773401	+
ybgT	773419	773529	+
ybgE	773532	773822	+
ybgC	773975	774376	+
tolQ	774376	775065	+
tolR	775072	775497	+
tolA	775565	776827	+
tolB	776963	778252	+
pal	778290	778808	+
ybgF	778821	779609	+
nadA	781308	782348	+
pnuC	782389	783105	+
zitB	783108	784046	-
ybgS	784163	784540	-
aroG	784856	785905	+
gpmA	786069	786818	-
galM	787023	788060	-
galK	788057	789202	-
galT	789209	790252	-
galE	790265	791278	-
modF	791542	793011	-
modE	793082	793867	-
ybhT	793996	794142	+
modA	794312	795082	+
modB	795085	795771	+
modC	795777	796832	+
ybhA	796839	797654	-
pgl	797809	798801	+
ybhD	798848	799798	-
ybhH	799982	801031	+
ybhI	801110	802540	+
ybhJ	802726	804984	+
ybhC	805224	806504	-
ybhB	806659	807132	-
bioA	807194	808480	-
bioB	808567	809604	+
bioF	809604	810755	+
bioC	810745	811497	+
bioD	811493	812167	+
uvrB	812749	814767	+
ybhK	814965	815870	-
moaA	816267	817253	+
moaB	817278	817787	+
moaC	817793	818275	+
moaD	818271	818513	+
moaE	818518	818967	+
ybhL	819107	819808	+
ybhM	820016	820726	+
ybhN	820768	821721	-
ybhO	821724	822962	-
ybhP	822962	823720	-
ybhQ	823853	824260	+
ybhR	824228	825331	-
ybhS	825345	826475	-
ybhF	826471	828204	-
ybhG	828200	829195	-
ybiH	829198	829866	-
rhlE	830095	831456	+
ybiA	831694	832173	-
dinG	832293	834440	+
ybiB	834471	835430	+
ybiC	835574	836656	+
ybiJ	836891	837148	-
ybiI	837416	837679	-
ybiX	837756	838430	-
fiu	838475	840754	-
mcbA	841022	841279	-
rlmF	841555	842478	+
ybiO	842481	844703	-
glnQ	844967	845686	-
glnP	845686	846342	-
glnH	846484	847227	-
dps	847634	848134	-
rhtA	848436	849320	-
ompX	849673	850185	+
ybiP	850240	851820	-
yliL	851894	852160	+
mntR	852406	852870	+
ybiR	852870	853985	+
ybiS	854050	854967	-
ybiT	855186	856775	+
ybiU	857022	858284	-
ybiV	858439	859251	-
ybiW	859400	861829	-
ybiY	861838	862734	-
fsaA	862865	863524	+
moeB	863606	864352	-
moeA	864355	865587	-
iaaA	865791	866753	+
gsiA	866743	868611	+
gsiB	868634	870169	+
gsiC	870190	871107	+
gsiD	871113	872021	+
yliE	872202	874547	+
yliF	874558	875883	+
rimO	875936	877258	-
bssR	877471	877851	+
yliI	877965	879077	+
gstB	879080	879703	-
dacC	879950	881149	+
deoR	881202	881957	-
ybjG	882018	882611	-
mdfA	882896	884125	+
ybjH	884172	884453	-
ybjI	884542	885354	-
ybjJ	885357	886562	-
ybjK	886646	887179	+
ybjL	887360	889042	-
ybjM	889312	889686	+
grxA	889722	889976	-
ybjC	890136	890420	+
nfsA	890407	891126	+
rimK	891190	892089	+
ybjN	892180	892653	+
potF	893007	894116	+
potG	894214	895344	+
potH	895357	896307	+
potI	896307	897149	+
ybjO	897212	897697	+
rlmD	897741	898865	+
artJ	899070	899798	-
artM	900092	900757	-
artQ	900760	901473	-
artI	901483	902211	-
artP	902232	902957	-
ybjP	903178	903690	-
ybjQ	903816	904136	+
amiD	904136	904963	+
ybjS	904966	905976	-
ybjT	906078	907505	-
ltaE	907519	908517	-
poxB	908557	910272	-
hcr	910408	911373	-
hcp	911388	913037	-
ybjE	913184	914080	-
aqpZ	914578	915270	-
ybjD	915696	917351	+
ybjX	917354	918343	-
macA	918458	919570	+
macB	919570	921513	+
cspD	921592	921813	-
clpS	922136	922453	+
clpA	922487	924760	+
infA	925451	925666	-
aat	925954	926655	-
cydC	926700	928418	-
cydD	928422	930185	-
trxB	930311	931273	-
lrp	931818	932309	+
ftsK	932447	936433	+
lolA	936595	937203	+
rarA	937217	938557	+
serS	938651	939940	+
dmsA	940182	942623	+
dmsB	942637	943251	+
dmsC	943256	944116	+
ycaC	944157	944780	-
ycaD	945094	946239	+
ycaM	946452	947879	+
ycaN	947886	948791	-
ycaK	948891	949478	+
pflA	949566	950303	-
pflB	950498	952777	-
focA	952835	953689	-
ycaO	954098	955855	-
ycaP	955985	956674	+
serC	956876	957961	+
aroA	958035	959315	+
ycaL	959487	960248	+
cmk	960424	961104	+
rpsA	961218	962888	+
ihfB	963051	963332	+
ycaI	963543	965804	+
msbA	965844	967589	+
lpxK	967589	968572	+
ycaQ	968612	969841	+
ycaR	969896	970075	+
kdsB	970075	970818	+
ycbJ	970975	971865	+
ycbC	971848	972624	-
smtA	972760	973542	+
mukF	973542	974861	+
mukE	974845	975546	+
mukB	975549	980006	+
ycbB	980270	982114	+
ycbK	982298	982843	+
ycbL	982873	983517	+
aspC	983745	984932	-
ompF	985120	986205	-
asnS	986811	988208	-
pncB	988380	989579	-
pepN	989845	992454	+
ssuB	992503	993267	-
ssuC	993267	994055	-
ssuD	994069	995211	-
ssuA	995211	996167	-
ssuE	996163	996735	-
elfA	997091	997627	+
elfD	997713	998411	+
elfC	998439	1001036	+
elfG	1001030	1002097	+
ycbU	1002112	1002651	+
ycbV	1002662	1003174	+
ycbF	1003170	1003877	+
pyrD	1003991	1004998	+
zapC	1005175	1005714	+
ycbX	1005717	1006823	-
rlmL	1007067	1009172	+
uup	1009187	1011091	+
pqiA	1011224	1012474	+
pqiB	1012482	1014119	+
ymbA	1014119	1014679	+
rmf	1014938	1015102	+
fabA	1015178	1015693	-
ycbZ	1015765	1017522	-
matP	1017708	1018157	+
ompA	1018239	1019276	-
sulA	1019636	1020142	-
sxy	1020361	1020987	+
yccS	1020956	1023106	-
yccF	1023128	1023571	-
helD	1023694	1025745	+
mgsA	1025783	1026238	-
yccT	1026337	1026996	-
yccU	1027169	1027579	+
hspQ	1027630	1027944	-
rlmI	1028005	1029192	-
yccX	1029287	1029562	+
tusE	1029565	1029891	-
yccA	1029985	1030641	-
hyaA	1031362	1032477	+
hyaB	1032477	1034267	+
hyaC	1034289	1034993	+
hyaD	1034993	1035577	+
hyaE	1035577	1035972	+
hyaF	1035972	1036826	+
appC	1036963	1038504	+
appB	1038519	1039652	+
yccB	1039668	1039757	+
appA	1039840	1041135	+
etk	1041256	1043433	-
etp	1043456	1043899	-
gfcE	1043890	1045026	-
gfcD	1045075	1047168	-
gfcC	1047171	1047914	-
gfcB	1047914	1048555	-
gfcA	1048665	1048967	-
insA	1049056	1049328	+
insB	1049250	1049750	+
cspH	1050189	1050398	-
cspG	1050684	1050893	+
ymcE	1051070	1051297	+
gnsA	1051290	1051460	+
yccM	1051515	1052585	-
torS	1052660	1055401	-
torT	1055484	1056509	+
torR	1056488	1057177	-
torC	1057307	1058476	+
torA	1058479	1061022	+
torD	1061022	1061618	+
cbpM	1061776	1062078	-
cbpA	1062081	1062998	-
yccE	1063259	1064512	+
agp	1064808	1066046	+
yccJ	1066090	1066314	-
wrbA	1066338	1066931	-
ymdF	1067304	1067474	+
rutG	1067737	1069062	-
rutF	1069086	1069577	-
rutE	1069591	1070178	-
rutD	1070191	1070988	-
rutC	1070999	1071382	-
rutB	1071397	1072086	-
rutA	1072089	1073234	-
rutR	1073465	1074100	+
putA	1074146	1078105	-
putP	1078528	1080033	+
efeO	1081466	1082590	+
efeB	1082599	1083867	+
phoH	1084215	1085276	+
pgaD	1085332	1085742	-
pgaC	1085747	1087069	-
pgaB	1087065	1089080	-
pgaA	1089092	1091512	-
ycdT	1092099	1093454	+
insF	1093501	1094364	-
insE	1094364	1094660	-
ycdU	1095066	1096049	+
ghrA	1097109	1098044	+
ycdX	1098102	1098836	+
ycdY	1098863	1099414	+
ycdZ	1099519	1100007	+
csgG	1100077	1100907	-
csgF	1100937	1101350	-
csgE	1101378	1101764	-
csgD	1101772	1102419	-
csgB	1103174	1103626	+
csgA	1103670	1104122	+
csgC	1104184	1104513	+
ymdA	1104637	1104945	+
ymdB	1105043	1105573	+
ymdC	1105578	1106996	+
opgC	1107010	1108164	-
opgG	1108558	1110090	+
opgH	1110086	1112626	+
yceK	1112802	1113026	+
msyB	1113033	1113404	-
mdtG	1113490	1114713	-
lpxL	1114888	1115805	-
yceA	1116030	1117079	+
yceI	1117127	1117699	-
yceJ	1117706	1118269	-
yceO	1118533	1118670	-
solA	1118694	1119809	-
bssS	1119927	1120178	-
dinI	1120468	1120710	-
pyrC	1120787	1121830	-
yceB	1121939	1122496	-
grxB	1122633	1123277	-
mdtH	1123344	1124549	-
rimJ	1124785	1125366	+
yceH	1125380	1126024	+
yceM	1126029	1126949	+
murJ	1127062	1128594	+
flgN	1128640	1129053	-
flgM	1129061	1129351	-
flgA	1129430	1130086	-
flgB	1130241	1130654	+
flgC	1130661	1131062	+
flgD	1131077	1131769	+
flgE	1131797	1133002	+
flgF	1133025	1133777	+
flgG	1133952	1134731	+
flgH	1134787	1135482	+
flgI	1135497	1136591	+
flgJ	1136594	1137532	+
flgK	1137601	1139241	+
flgL	1139256	1140206	+
rne	1140408	1143590	-
yceQ	1143725	1144042	+
rluC	1144163	1145119	+
yceF	1145237	1145818	-
yceD	1146017	1146535	+
rpmF	1146590	1146760	+
plsX	1146844	1147911	+
fabH	1147982	1148932	+
fabD	1148951	1149877	+
fabG	1149893	1150624	+
acpP	1150838	1151071	+
fabF	1151162	1152400	+
pabC	1152523	1153329	+
yceG	1153335	1154354	+
tmk	1154347	1154985	+
holB	1154985	1155986	+
ycfH	1156000	1156794	+
ptsG	1157092	1158522	+
fhuE	1158588	1160774	-
hinT	1161108	1161464	+
ycfL	1161470	1161844	+
lpoB	1161861	1162499	+
thiK	1162483	1163304	+
nagZ	1163318	1164340	+
ycfP	1164366	1164905	+
ndh	1165308	1166609	+
ycfJ	1166822	1167358	+
ycfQ	1167426	1168055	-
bhsA	1168296	1168550	+
ycfS	1168638	1169597	-
mfd	1169744	1173187	-
ycfT	1173318	1174388	-
lolC	1174650	1175846	+
lolD	1175842	1176540	+
lolE	1176543	1177784	+
nagK	1177816	1178724	+
cobB	1178854	1179579	+
ycfZ	1179705	1180490	-
ymfA	1180490	1180948	-
potD	1181009	1182052	-
potC	1182052	1182843	-
potB	1182843	1183667	-
potA	1183684	1184817	-
pepT	1185067	1186290	+
ycfD	1186345	1187463	-
phoQ	1187542	1188999	-
phoP	1189002	1189670	-
purB	1189842	1191209	-
hflD	1191216	1191854	-
mnmA	1191893	1192996	-
nudJ	1193053	1193511	-
rluE	1193524	1194174	-
icd	1194346	1195593	+
ymfD	1196093	1196755	-
ymfE	1196759	1197460	-
lit	1197918	1198808	+
intE	1198905	1200029	-
xisE	1200013	1200255	-
ymfI	1200720	1201058	+
ymfJ	1201002	1201307	-
cohE	1201485	1202156	-
croE	1202247	1202444	+
ymfL	1202491	1203045	+
ymfM	1203045	1203380	+
ymfR	1204772	1204951	+
ymfQ	1206136	1206717	+
stfP	1206724	1207350	+
tfaP	1207355	1207765	+
tfaE	1207743	1208342	-
pinE	1208908	1209459	+
mcrA	1209569	1210399	+
iraM	1210906	1211226	-
ycgX	1211929	1212330	-
ycgE	1212554	1213282	-
ycgF	1213490	1214698	-
ycgZ	1215012	1215245	+
ymgA	1215291	1215560	+
ariR	1215592	1215855	+
ymgC	1215971	1216216	+
ycgG	1216551	1218071	+
ymgF	1218206	1218421	+
ymgD	1221531	1221857	-
ymgG	1221870	1222211	-
ymgI	1222216	1222386	-
ymgJ	1222487	1222669	+
minE	1223505	1223768	-
minD	1223775	1224584	-
minC	1224611	1225303	-
ycgJ	1225823	1226188	+
pliG	1226297	1226695	-
ycgL	1226937	1227227	+
ycgM	1227302	1227958	+
ycgN	1228038	1228496	+
hlyE	1228709	1229617	-
umuD	1229990	1230406	+
umuC	1230409	1231674	+
dsbB	1231726	1232253	-
nhaB	1232402	1233940	-
fadR	1234161	1234877	+
ycgB	1234935	1236464	-
dadA	1236794	1238089	+
dadX	1238102	1239169	+
cvrA	1239561	1241294	-
ldcA	1241392	1242303	-
emtA	1242403	1243011	+
ycgR	1243019	1243750	-
ymgE	1243951	1244202	+
ycgY	1244383	1244820	+
treA	1244905	1246599	-
dhaM	1246922	1248337	-
dhaL	1248351	1248980	-
dhaK	1248994	1250061	-
dhaR	1250289	1252205	+
ycgV	1252311	1255175	-
ychF	1255947	1257035	-
pth	1257155	1257736	-
ychH	1258014	1258289	+
ychM	1258350	1260026	-
prs	1260154	1261098	-
ispE	1261252	1262100	-
lolB	1262103	1262723	-
hemA	1262937	1264190	+
prfA	1264235	1265314	+
prmC	1265317	1266147	+
ychQ	1266147	1266536	+
ychA	1266543	1267349	+
kdsA	1267388	1268239	+
ldrA	1268394	1268498	-
ldrB	1268929	1269033	-
ldrC	1269464	1269568	-
chaA	1269975	1271072	-
chaB	1271342	1271569	+
chaC	1271730	1272422	+
ychN	1272472	1272822	-
ychO	1273007	1274398	+
narL	1274405	1275052	-
narX	1275048	1276841	-
narK	1277180	1278568	+
narG	1279087	1282827	+
narH	1282827	1284362	+
narJ	1284362	1285069	+
narI	1285072	1285746	+
tpr	1286313	1286399	-
purU	1287008	1287847	-
ychJ	1287900	1288355	-
rssA	1288468	1289370	+
rssB	1289465	1290475	+
galU	1290680	1291585	+
hns	1291735	1292145	-
tdk	1292750	1293364	+
adhE	1294672	1297344	-
ychE	1297821	1298465	+
oppA	1299206	1300834	+
oppB	1300923	1301840	+
oppC	1301858	1302763	+
oppD	1302778	1303788	+
oppF	1303788	1304789	+
yciU	1304848	1305174	-
cls	1305212	1306669	-
yciY	1306812	1306982	+
kch	1307043	1308293	-
yciI	1308596	1308889	-
tonB	1309113	1309829	+
yciA	1309875	1310270	-
yciB	1310378	1310914	-
yciC	1310947	1311687	-
ompW	1312044	1312679	+
yciE	1312745	1313248	-
yciF	1313297	1313794	-
yciG	1313883	1314059	-
trpA	1314443	1315246	-
trpB	1315249	1316439	-
trpC	1316454	1317809	-
trpD	1317816	1319408	-
trpE	1319411	1320970	-
trpL	1321065	1321106	-
yciV	1321244	1322122	+
yciO	1322122	1322739	+
yciQ	1322770	1324662	+
rluB	1324876	1325748	+
btuR	1325794	1326381	-
yciK	1326381	1327136	-
sohB	1327356	1328402	+
yciN	1328444	1328692	-
topA	1329072	1331666	+
cysB	1331879	1332850	+
ymiA	1333184	1333309	+
yciX	1333315	1333479	+
acnA	1333855	1336527	+
ribA	1336597	1337184	-
pgpB	1337354	1338115	+
yciS	1338267	1338572	+
yciM	1338582	1339748	+
pyrF	1339945	1340679	+
yciH	1340682	1341005	+
osmB	1341137	1341352	-
yciT	1341624	1342370	-
yciZ	1342463	1342633	-
gmr	1342784	1344766	-
ymiB	1344820	1344921	+
rnb	1345005	1346936	-
yciW	1347007	1348131	-
fabI	1348278	1349063	-
ycjD	1349434	1349784	-
sapF	1349855	1350658	-
sapD	1350663	1351652	-
sapC	1351655	1352542	-
sapB	1352532	1353494	-
sapA	1353494	1355134	-
ymjA	1355450	1355692	-
puuP	1355829	1357211	-
puuA	1357517	1358932	-
puuD	1359144	1359905	+
puuR	1359935	1360489	+
puuC	1360767	1362251	+
puuB	1362256	1363533	+
puuE	1363574	1364836	+
pspF	1364962	1365936	-
pspA	1366103	1366768	+
pspB	1366825	1367046	+
pspC	1367049	1367405	+
pspD	1367417	1367635	+
pspE	1367713	1368024	+
ycjM	1368240	1369916	+
ycjN	1369933	1371222	+
ycjO	1371246	1372124	+
ycjP	1372114	1372953	+
ycjQ	1372987	1374036	+
ycjR	1374058	1374843	+
ycjS	1374856	1375908	+
ycjT	1375908	1378172	+
ycjU	1378172	1378828	+
ompG	1379971	1380873	+
ycjW	1380990	1381985	-
ycjX	1382141	1383535	+
ycjF	1383535	1384593	+
tyrR	1384744	1386282	+
tpx	1386332	1386835	-
ycjG	1386954	1387916	+
mpaA	1387897	1388622	-
ycjY	1388960	1389877	-
ycjZ	1390015	1390911	+
mppA	1391251	1392861	+
ynaI	1392918	1393946	-
insH	1394100	1395113	+
ynaJ	1395389	1395643	+
uspE	1395699	1396646	-
fnr	1396801	1397550	-
ogt	1397748	1398260	-
abgT	1398274	1399797	-
abgB	1399837	1401279	-
abgA	1401282	1402589	-
abgR	1402765	1403670	+
smrA	1404003	1404563	+
ydaM	1404590	1405819	-
ydaN	1406074	1407054	+
dbpA	1407535	1408905	+
ttcA	1409040	1409972	-
intR	1410027	1411259	-
ydaQ	1411264	1411476	-
ydaC	1411558	1411764	-
ralR	1411760	1411951	-
recT	1412011	1412817	-
recE	1412813	1415410	-
racC	1415515	1415787	-
ydaE	1415865	1416032	-
kilR	1416035	1416253	-
sieB	1416695	1417180	+
ydaF	1417183	1417335	-
ydaG	1417349	1417480	-
racR	1417792	1418265	-
ydaS	1418389	1418682	+
ydaT	1418708	1419127	+
ydaU	1419143	1419997	+
ydaV	1420007	1420750	+
rzoR	1421424	1421606	+
trkG	1421806	1423260	+
ynaK	1423401	1423661	+
insH	1425773	1426750	-
stfR	1427073	1430432	+
tfaR	1430435	1431007	+
pinR	1431111	1431698	-
ynaE	1432018	1432248	-
uspF	1433212	1433643	-
ompN	1433787	1434917	-
ydbK	1435287	1438808	-
ydbJ	1439082	1439345	+
hslJ	1439348	1439767	-
ldhA	1439881	1440867	-
ydbH	1441075	1443711	+
ynbE	1443711	1443893	+
ydbL	1443904	1444227	+
feaR	1444405	1445307	-
feaB	1445543	1447039	+
tynA	1447103	1449373	-
paaZ	1449624	1451666	-
paaA	1451951	1452877	+
paaB	1452892	1453176	+
paaC	1453188	1453931	+
paaD	1453949	1454443	+
paaE	1454454	1455521	+
paaF	1455521	1456285	+
paaG	1456288	1457073	+
paaH	1457078	1458502	+
paaI	1458495	1458914	+
paaJ	1458917	1460119	+
paaK	1460149	1461459	+
paaX	1461563	1462510	+
paaY	1462495	1463082	+
ynbG	1463192	1463254	-
insD	1465948	1466850	-
insC	1466811	1467173	-
insI	1467382	1468530	+
ydbC	1472245	1473102	+
ydbD	1473168	1475471	+
ynbA	1475645	1476247	+
ynbB	1476250	1477143	+
ynbC	1477162	1478916	+
ynbD	1478933	1480222	+
azoR	1480282	1480884	-
hrpA	1481085	1484984	+
ydcF	1485259	1486056	+
aldA	1486256	1487692	+
cybB	1488926	1489453	+
ydcA	1489701	1489871	+
hokB	1489949	1490095	-
mokB	1489989	1490153	-
trg	1490494	1492131	+
ydcI	1492175	1493095	-
ydcJ	1493312	1494652	+
opgD	1494880	1496532	+
ydcH	1496675	1496896	+
rimL	1496962	1497498	+
ydcK	1497496	1498473	-
tehA	1498597	1499586	+
tehB	1499586	1500176	+
ydcL	1500481	1501146	+
insQ	1501741	1502886	+
ydcO	1502932	1504104	-
ydcN	1504196	1504729	+
ydcP	1504805	1506763	+
yncJ	1506861	1507088	-
hicA	1507310	1507483	+
hicB	1507532	1507945	+
ydcR	1508027	1509430	+
ydcS	1509678	1510820	+
ydcT	1510841	1511851	+
ydcU	1511855	1512793	+
ydcV	1512786	1513577	+
prr	1513602	1515023	+
yncL	1515126	1515218	-
ydcX	1515413	1515583	+
ydcY	1515672	1515902	+
ydcZ	1515909	1516355	-
yncA	1516355	1516870	-
curA	1517051	1518085	+
mcbR	1518286	1518948	+
yncD	1518990	1521089	-
yncE	1521331	1522389	+
ansP	1522508	1524004	-
yncG	1524271	1524885	+
yncH	1524964	1525173	+
ydcD	1527946	1528425	+
ydcC	1529840	1530973	+
pptA	1531076	1531306	+
yddH	1531309	1531875	-
nhoA	1532048	1532890	+
yddE	1532992	1533882	-
narV	1533964	1534641	-
narW	1534641	1535333	-
narY	1535336	1536877	-
narZ	1536877	1540614	-
narU	1540699	1542084	-
yddJ	1542411	1542743	-
yddG	1544315	1545193	-
fdnG	1545425	1548469	+
fdnH	1548485	1549366	+
fdnI	1549362	1550012	+
yddM	1550425	1550706	-
adhP	1550855	1551862	-
maeA	1551999	1553693	-
sra	1553853	1553987	-
bdm	1554092	1554304	-
osmC	1554649	1555077	+
ddpF	1555139	1556062	-
ddpD	1556058	1557041	-
ddpC	1557041	1557934	-
ddpB	1557934	1558953	-
ddpA	1558958	1560505	-
ddpX	1560522	1561100	-
dosP	1561361	1563757	-
dosC	1563785	1565164	-
yddW	1565531	1566847	-
gadC	1566981	1568513	-
gadB	1568672	1570069	-
pqqL	1570434	1573226	-
yddB	1573274	1575643	-
yddA	1575684	1577366	-
ydeM	1577660	1578814	-
ydeN	1578869	1580548	-
ydeO	1580953	1581711	-
safA	1581789	1581983	-
ydeP	1582234	1584510	-
ydeQ	1584847	1585758	-
ydeR	1585820	1586320	-
ydeS	1586336	1586863	-
hipA	1588881	1590200	-
hipB	1590203	1590466	-
lsrK	1596644	1598233	-
lsrR	1598315	1599265	-
lsrA	1599514	1601046	+
lsrC	1601043	1602068	+
lsrD	1602071	1603060	+
lsrB	1603075	1604094	+
lsrF	1604124	1604996	+
lsrG	1605023	1605310	+
tam	1605370	1606125	+
yneE	1606135	1607046	-
uxaB	1607256	1608704	-
yneF	1608934	1609878	-
yneG	1609993	1610349	-
yneH	1610352	1611275	-
sad	1611342	1612727	-
yneJ	1612828	1613706	+
yneK	1613787	1614899	+
ydeA	1615052	1616239	+
marC	1616270	1616932	-
marR	1617144	1617575	+
marA	1617598	1617978	+
marB	1618013	1618228	+
eamA	1618265	1619161	-
ydeE	1619356	1620540	+
yneM	1620670	1620762	+
ydeH	1620987	1621874	-
ydeI	1622132	1622521	-
ydeJ	1622797	1623312	+
dcp	1623362	1625404	-
ydfG	1625541	1626284	+
ydfH	1626376	1627059	+
ydfZ	1627239	1627439	+
ydfI	1627480	1628937	-
ydfK	1631096	1631326	+
pinQ	1631646	1632233	+
tfaQ	1632337	1632909	-
stfQ	1632912	1633871	-
ynfO	1634780	1635010	+
ydfO	1635071	1635478	+
gnsB	1635636	1635806	-
ynfN	1635981	1636133	-
cspI	1636482	1636691	-
rzpQ	1637057	1637551	-
rzoQ	1637107	1637358	-
rrrQ	1637551	1638081	-
ydfR	1638081	1638389	-
essQ	1638397	1638609	-
cspB	1639366	1639578	-
cspF	1639879	1640088	+
quuQ	1640516	1641265	-
ydfU	1641282	1642328	-
rem	1642678	1642926	-
hokD	1643146	1643298	-
relE	1643373	1643657	-
relB	1643660	1643896	-
ydfV	1643921	1644223	+
flxA	1644429	1644758	+
dicC	1645647	1645874	-
dicA	1645958	1646362	+
ydfA	1646532	1646684	+
ydfB	1646689	1646814	+
ydfC	1646847	1647062	+
dicB	1647633	1647818	+
ydfD	1647818	1648006	+
rspB	1650923	1651939	-
rspA	1651954	1653165	-
ynfA	1653374	1653697	-
ynfB	1653832	1654170	+
speG	1654208	1654765	+
ynfC	1654774	1655481	-
ynfD	1655589	1655891	+
ynfE	1656093	1658516	+
ynfF	1658580	1661000	+
ynfG	1661014	1661628	+
ynfH	1661633	1662484	+
dmsD	1662530	1663141	+
clcB	1663339	1664592	+
ynfK	1664551	1665243	-
dgsA	1665371	1666588	-
ynfL	1666726	1667616	-
ynfM	1667723	1668973	+
asr	1669400	1669705	+
ydgU	1669801	1669881	+
ydgD	1669984	1670802	+
mdtI	1670847	1671173	-
mdtJ	1671163	1671525	-
tqsA	1671937	1672968	+
pntB	1672999	1674384	-
pntA	1674398	1675927	-
ydgH	1676451	1677392	+
ydgI	1677581	1678960	+
folM	1679000	1679719	+
ydgC	1679722	1680054	-
rstA	1680183	1680899	+
rstB	1680906	1682204	+
tus	1682283	1683209	+
fumC	1683212	1684612	-
fumA	1684758	1686401	-
manA	1686600	1687772	+
ydgA	1687876	1689381	+
uidC	1689613	1690875	-
uidB	1690917	1692287	-
uidA	1692287	1694095	-
uidR	1694489	1695076	-
hdhA	1695300	1696064	-
malI	1696179	1697204	-
malX	1697379	1698968	+
malY	1698981	1700150	+
add	1700257	1701255	+
ydgJ	1701295	1702332	-
blr	1702575	1702697	+
cnu	1702973	1703185	+
ydgK	1703274	1703711	+
rsxA	1703791	1704369	+
rsxB	1704372	1704947	+
rsxC	1704943	1707162	+
rsxD	1707166	1708221	+
rsxG	1708228	1708845	+
rsxE	1708852	1709544	+
nth	1709547	1710179	+
dtpA	1710793	1712292	+
gstA	1712401	1713003	+
pdxY	1713053	1713913	-
tyrS	1713975	1715246	-
pdxH	1715378	1716031	-
mliC	1716093	1716419	-
anmK	1716520	1717626	-
slyB	1717900	1718364	+
slyA	1718417	1718848	-
ydhI	1719049	1719282	+
ydhJ	1719288	1720142	+
ydhK	1720145	1722154	+
sodC	1722161	1722679	-
ydhF	1722763	1723656	-
ydhL	1723708	1723944	-
nemR	1724047	1724643	+
nemA	1724683	1725777	+
gloA	1725861	1726265	+
rnt	1726371	1727015	+
lhr	1727111	1731724	+
grxD	1731781	1732125	-
ydhO	1732459	1733271	+
sodB	1733402	1733980	+
ydhP	1734148	1735314	-
ynhF	1735483	1735569	-
purR	1735868	1736890	+
ydhB	1736893	1737822	-
ydhC	1737935	1739143	+
cfa	1739437	1740582	+
ribC	1740628	1741266	-
mdtK	1741481	1742851	+
ydhQ	1742898	1744151	-
ydhR	1744724	1745026	+
ydhS	1745155	1746756	+
ydhT	1746774	1747583	-
ydhU	1747590	1748372	-
ydhX	1748372	1749037	-
ydhW	1749104	1749748	-
ydhV	1749755	1751854	-
ydhY	1751878	1752501	-
ydhZ	1752959	1753165	-
pykF	1753722	1755131	+
lpp	1755445	1755678	+
ynhG	1755748	1756749	-
sufE	1756901	1757314	-
sufS	1757330	1758547	-
sufD	1758547	1759815	-
sufC	1759793	1760536	-
sufB	1760549	1762033	-
sufA	1762045	1762410	-
ydiH	1762961	1763146	-
ydiI	1763249	1763656	-
ydiJ	1763656	1766709	-
ydiK	1767098	1768207	+
ydiL	1768639	1768992	+
ydiM	1769095	1770306	+
ydiN	1770536	1771798	+
ydiB	1771813	1772676	+
aroD	1772710	1773465	+
ydiF	1773611	1775203	+
ydiO	1775220	1776368	+
ydiP	1776417	1777325	-
ydiQ	1777641	1778402	+
ydiR	1778425	1779360	+
ydiS	1779419	1780705	+
ydiT	1780705	1780995	+
fadK	1781055	1782698	+
ppsA	1782761	1785136	-
ppsR	1785469	1786299	+
aroH	1786459	1787502	+
ydiE	1787637	1787825	+
ydiU	1787835	1789268	-
cdgR	1789334	1790044	-
nlpC	1790294	1790755	-
btuD	1790836	1791582	-
btuE	1791585	1792133	-
btuC	1792199	1793176	-
ihfA	1793280	1793576	-
pheT	1793584	1795968	-
pheS	1795986	1796966	-
pheM	1797253	1797294	-
rplT	1797420	1797773	-
rpmI	1797829	1798023	-
infC	1798123	1798662	-
thrS	1798669	1800594	-
yniD	1803189	1803293	+
ydiY	1803352	1804107	-
pfkB	1804394	1805320	+
ydiZ	1805424	1805711	+
yniA	1805820	1806677	+
yniB	1806724	1807257	-
yniC	1807404	1808069	+
ydjM	1808235	1808822	+
ydjN	1808958	1810346	+
ydjO	1810356	1811156	-
cedA	1811448	1811687	-
katE	1811891	1814149	+
chbG	1814413	1815159	-
chbF	1815175	1816524	-
chbR	1816632	1817471	-
chbA	1817482	1817829	-
chbC	1817883	1819238	-
chbB	1819326	1819643	-
osmE	1819945	1820280	-
nadE	1820482	1821306	+
cho	1821539	1822423	+
ves	1822389	1822961	-
spy	1823167	1823649	-
astE	1823982	1824947	-
astB	1824943	1826283	-
astD	1826283	1827758	-
astA	1827758	1828789	-
astC	1828789	1830006	-
xthA	1830452	1831255	+
ydjX	1831425	1832132	+
ydjY	1832140	1832814	+
ydjZ	1832832	1833536	+
ynjA	1833539	1834084	+
ynjB	1834097	1835260	+
ynjC	1835236	1836768	+
ynjD	1836771	1837421	+
ynjE	1837491	1838795	+
ynjF	1838810	1839427	-
nudG	1839514	1839918	+
ynjH	1839890	1840159	-
gdhA	1840395	1841735	+
ynjI	1841858	1842895	-
topB	1843026	1844984	-
selD	1844992	1846032	-
ydjA	1846152	1846700	-
sppA	1846861	1848714	+
ansA	1848884	1849897	+
pncA	1849911	1850549	+
ydjE	1850648	1852003	-
ydjF	1852123	1852878	-
ydjG	1853018	1853995	-
ydjH	1854008	1854952	-
ydjI	1854960	1855793	-
ydjJ	1855817	1856857	-
ydjK	1856877	1858253	-
ydjL	1858283	1859356	-
yeaC	1859729	1859998	-
msrB	1860043	1860453	-
gapA	1860795	1861787	+
yeaD	1861874	1862755	+
yeaE	1862809	1863660	-
mipA	1863753	1864496	-
yeaG	1864932	1866863	+
yeaH	1866979	1868259	+
yeaI	1868409	1869881	+
yeaJ	1870065	1871552	+
yeaK	1871598	1872098	+
yoaI	1872105	1872206	-
yeaL	1872376	1872819	+
yeaM	1872782	1873600	-
yeaN	1873697	1874875	+
yeaO	1874933	1875277	+
yoaF	1875305	1875556	-
yeaP	1875739	1876761	+
yoaK	1876797	1876892	+
yoaJ	1876898	1876969	+
yeaQ	1877034	1877279	-
yoaG	1877430	1877609	-
yeaR	1877616	1877972	-
leuE	1878148	1878783	-
dmlR	1878913	1879833	-
dmlA	1879936	1881018	+
yeaV	1881212	1882654	+
yeaW	1882689	1883810	+
yeaX	1883869	1884831	+
rnd	1884891	1886015	-
fadD	1886088	1887770	-
yeaY	1887978	1888556	-
yeaZ	1888599	1889291	-
yoaA	1889352	1891259	-
yoaB	1891391	1891732	+
yoaC	1892157	1892453	+
yoaH	1892579	1892755	-
pabB	1892829	1894187	+
nudL	1894194	1894769	+
sdaA	1894956	1896317	+
adrB	1896451	1898046	+
yoaE	1898056	1899609	-
manX	1900072	1901040	+
manY	1901106	1901903	+
manZ	1901919	1902767	+
yobD	1902825	1903280	+
yebN	1903712	1904275	+
rlmA	1904278	1905084	-
cspC	1905253	1905459	-
yobF	1905475	1905615	-
yebO	1906288	1906572	-
mgrB	1906650	1906790	-
yobH	1906949	1907185	+
kdgR	1907335	1908123	-
yebQ	1908300	1909670	+
htpX	1909722	1910600	-
prc	1910795	1912840	-
proQ	1912863	1913558	-
msrC	1913658	1914152	-
yebS	1914282	1915562	+
yebT	1915534	1918164	+
rsmF	1918247	1919683	+
yebV	1919804	1920037	+
yebW	1920145	1920333	+
pphA	1920340	1920993	-
yebY	1921392	1921730	-
yebZ	1921746	1922615	-
yobA	1922622	1922993	-
holE	1923132	1923359	+
yobB	1923464	1924117	+
exoX	1924144	1924803	+
ptrB	1924806	1926863	-
yebE	1927075	1927731	-
yebF	1928061	1928414	-
yebG	1928484	1928771	-
purT	1928905	1930080	+
eda	1930142	1930780	-
edd	1930820	1932628	-
zwf	1932866	1934338	-
yebK	1934676	1935542	+
pykA	1935673	1937112	+
lpxM	1937249	1938217	-
yebA	1938340	1939659	-
znuA	1939678	1940607	-
znuC	1940686	1941438	+
znuB	1941438	1942220	+
ruvB	1942373	1943380	-
ruvA	1943392	1944000	-
yobI	1944142	1944204	-
yebB	1944275	1944874	+
ruvC	1944882	1945400	-
yebC	1945438	1946175	-
nudB	1946207	1946656	-
aspS	1946777	1948546	-
yecD	1948856	1949419	+
yecE	1949419	1950234	+
yecN	1950290	1950682	+
cmoA	1950726	1951466	+
cmoB	1951466	1952434	+
torZ	1952605	1955031	-
torY	1955059	1956156	-
cutC	1956547	1957290	-
yecM	1957307	1957870	-
argS	1958086	1959816	+
yecT	1959996	1960481	+
flhE	1960607	1960996	-
flhA	1960999	1963074	-
flhB	1963070	1964215	-
cheZ	1964420	1965061	-
cheY	1965075	1965461	-
cheB	1965479	1966525	-
cheR	1966531	1967388	-
tap	1967410	1969008	-
tar	1969057	1970715	-
cheW	1970863	1971363	-
cheA	1971387	1973348	-
motB	1973356	1974279	-
motA	1974279	1975163	-
flhC	1975293	1975868	-
flhD	1975874	1976221	-
insB	1976545	1977045	-
insA	1976967	1977239	-
uspC	1977777	1978202	+
otsA	1978215	1979636	-
otsB	1979614	1980411	-
araH	1980581	1981564	-
araG	1981582	1983093	-
araF	1983166	1984152	-
ftnB	1984949	1985449	+
yecJ	1985534	1985782	-
azuC	1985900	1985983	-
yecR	1986246	1986566	+
ftnA	1986740	1987234	+
yecH	1987278	1987514	-
tyrP	1987705	1988913	+
yecA	1988981	1989643	-
pgsA	1990296	1990841	-
uvrC	1990901	1992730	-
uvrY	1992730	1993383	-
yecF	1993842	1994063	+
sdiA	1994137	1994856	-
yecC	1995089	1995838	-
yecS	1995838	1996503	-
dcyD	1996521	1997504	-
fliY	1997612	1998409	-
fliZ	1998500	1999048	-
fliA	1999097	1999813	-
fliC	2000137	2001630	-
fliD	2001896	2003299	+
fliS	2003327	2003734	+
fliT	2003737	2004099	+
amyA	2004180	2005664	+
yedD	2005704	2006114	-
yedE	2006301	2007503	+
yedF	2007503	2007733	+
yedK	2007845	2008510	+
yedL	2008624	2009100	+
fliE	2010727	2011038	-
fliF	2011253	2012908	+
fliG	2012904	2013896	+
fliH	2013892	2014575	+
fliI	2014578	2015948	+
fliJ	2015970	2016410	+
fliK	2016410	2017534	+
fliL	2017642	2018103	+
fliM	2018111	2019112	+
fliN	2019112	2019522	+
fliO	2019528	2019890	+
fliP	2019893	2020627	+
fliQ	2020640	2020906	+
fliR	2020917	2021699	+
rcsA	2021992	2022612	+
dsrB	2022662	2022847	-
yodD	2023010	2023234	+
yedP	2023535	2024347	+
yedQ	2024350	2026041	-
yodC	2026215	2026394	-
yedI	2026476	2027390	-
yedA	2027563	2028480	+
vsr	2028475	2028942	-
dcm	2028926	2030341	-
yedJ	2030411	2031103	-
yedR	2031146	2031508	-
hchA	2033859	2034707	+
yedV	2034821	2036176	-
yedW	2036179	2036847	-
hiuH	2036980	2037390	+
yedY	2037502	2038503	+
yedZ	2038507	2039139	+
zinT	2039399	2040046	+
yodB	2040392	2040919	+
mtfA	2041675	2042469	+
yeeJ	2042962	2050035	+
shiA	2051667	2052980	+
amn	2053085	2054536	+
yeeN	2054882	2055595	+
yeeO	2056230	2057714	-
cbl	2057991	2058938	-
nac	2059043	2059957	-
erfK	2060418	2061347	-
cobT	2061415	2062491	-
cobS	2062506	2063246	-
cobU	2063246	2063788	-
insH	2064332	2065345	-
insD	2066979	2067881	-
insC	2067842	2068204	-
flu	2069563	2072679	+
yeeR	2072803	2074332	+
yeeS	2074332	2074775	+
yeeT	2074841	2075059	+
yeeU	2075136	2075501	+
cbtA	2075593	2075964	+
yeeX	2077059	2077385	-
yeeA	2077560	2078615	-
sbmC	2078816	2079286	-
dacD	2079408	2080571	-
sbcB	2080780	2082204	+
yeeD	2082253	2082477	-
yeeE	2082494	2083549	-
plaP	2083731	2085086	-
yoeI	2085079	2085138	-
yeeY	2085356	2086282	-
yeeZ	2086331	2087152	-
yoeB	2087238	2087489	-
yefM	2087489	2087737	-
hisL	2088020	2088067	+
hisG	2088216	2089112	+
hisD	2089121	2090422	+
hisC	2090422	2091489	+
hisB	2091492	2092556	+
hisH	2092559	2093146	+
hisA	2093149	2093883	+
hisF	2093868	2094641	+
hisI	2094638	2095246	+
cld	2095348	2096325	-
ugd	2096474	2097637	-
gnd	2097889	2099292	-
insH	2099922	2100935	-
wbbK	2101418	2102533	-
wbbJ	2102521	2103108	-
wbbI	2103092	2104081	-
rfc	2104087	2105250	-
glf	2105253	2106353	-
rfbX	2106364	2107608	-
rfbC	2107608	2108162	-
rfbA	2108165	2109043	-
rfbD	2109104	2110000	-
rfbB	2110003	2111085	-
galF	2111461	2112351	-
wcaM	2112529	2113920	-
wcaL	2113934	2115151	-
wcaK	2115151	2116428	-
wzxC	2116707	2118182	-
wcaJ	2118187	2119578	-
cpsG	2119636	2121003	-
cpsB	2121111	2122544	-
wcaI	2122550	2123770	-
gmm	2123770	2124246	-
fcl	2124252	2125214	-
gmd	2125220	2126338	-
wcaF	2126367	2126912	-
wcaE	2126931	2127674	-
wcaD	2127688	2128902	-
wcaC	2128880	2130094	-
wcaB	2130094	2130579	-
wcaA	2130585	2131421	-
wzc	2131517	2133676	-
wzb	2133682	2134122	-
wza	2134131	2135267	-
yegH	2135926	2137506	+
asmA	2137786	2139636	-
dcd	2139661	2140239	-
udk	2140334	2140972	-
yegE	2141290	2144604	+
alkA	2144719	2145564	-
yegD	2145698	2147047	+
yegI	2147066	2149009	-
yegJ	2149209	2149667	+
yegK	2149738	2150496	-
yegL	2150496	2151152	-
ibsA	2151376	2151432	-
ibsB	2151708	2151761	-
mdtA	2152040	2153284	+
mdtB	2153287	2156406	+
mdtC	2156410	2159484	+
mdtD	2159488	2160900	+
baeS	2160900	2162300	+
baeR	2162300	2163019	+
yegP	2163213	2163542	+
yegQ	2163692	2165050	+
ogrK	2165329	2165544	-
yegR	2166016	2166330	-
yegS	2166736	2167632	+
insE	2168260	2168556	+
insF	2168556	2169419	+
gatD	2169860	2170897	-
gatC	2170948	2172300	-
gatB	2172307	2172588	-
gatA	2172622	2173071	-
gatZ	2173084	2174343	-
gatY	2174375	2175226	-
fbaB	2175537	2176586	-
yegT	2176843	2178117	+
yegU	2178117	2179118	+
yegV	2179118	2180080	+
yegW	2180060	2180803	-
yegX	2180858	2181673	-
thiD	2181741	2182538	-
thiM	2182538	2183323	-
rcnR	2183549	2183818	-
rcnA	2183939	2184760	+
rcnB	2184982	2185317	+
yehA	2185405	2186436	-
yehB	2186455	2188932	-
yehC	2188951	2189667	-
yehD	2189705	2190244	-
yehE	2190540	2190818	-
mrp	2191084	2192190	-
metG	2192322	2194352	+
yehI	2198301	2201930	+
yehK	2201994	2202308	+
yehL	2202618	2203703	+
yehM	2203717	2205993	+
yehP	2205989	2207122	+
yehR	2209247	2209705	+
yehS	2209751	2210218	-
yehT	2210268	2210984	-
yehU	2210984	2212666	-
mlrA	2212888	2213616	+
yohO	2213679	2213783	+
yehW	2213770	2214498	-
yehX	2214506	2215429	-
yehY	2215425	2216579	-
osmF	2216589	2217503	-
bglX	2217717	2220011	-
dld	2220207	2221919	+
pbpG	2221963	2222892	-
yohC	2223069	2223653	-
yohD	2223823	2224398	+
yohF	2224534	2225292	-
yohP	2227004	2227084	+
dusC	2227463	2228407	-
yohJ	2228646	2229041	+
yohK	2229041	2229733	+
cdd	2229866	2230747	+
sanA	2230900	2231616	+
yeiS	2231622	2231858	+
preB	2232055	2233290	+
preA	2233287	2234519	+
mglC	2234768	2235775	-
mglA	2235794	2237311	-
mglB	2237375	2238370	-
galS	2238653	2239690	-
yeiB	2239835	2240989	-
folE	2241009	2241674	-
yeiG	2241932	2242765	+
cirA	2242803	2244791	-
lysP	2245088	2246554	-
yeiE	2246762	2247640	-
yeiH	2247739	2248785	+
nfo	2248862	2249716	+
yeiI	2249722	2250807	+
nupX	2250920	2252167	-
rihB	2252270	2253208	-
yeiL	2253377	2254033	+
psuT	2254110	2255357	-
psuG	2255454	2256389	-
psuK	2256380	2257318	-
fruA	2257744	2259432	-
fruK	2259452	2260387	-
fruB	2260390	2261517	-
setB	2261885	2263063	+
yeiW	2263066	2263317	-
yeiP	2263472	2264041	+
yeiQ	2264267	2265730	+
yeiR	2265851	2266834	+
lpxT	2266876	2267586	+
spr	2268001	2268564	+
rtn	2268748	2270301	+
yejA	2270386	2272197	+
yejB	2272201	2273292	+
yejE	2273295	2274317	+
yejF	2274322	2275908	+
yejG	2275918	2276259	-
bcr	2276595	2277782	-
rsuA	2277813	2278505	-
yejH	2278654	2280411	+
rplY	2280539	2280820	+
yejK	2280965	2281969	-
yejL	2282151	2282375	+
yejM	2282398	2284155	+
insH	2287090	2288103	-
narP	2288522	2289166	+
ccmH	2289383	2290432	-
ccmG	2290432	2290986	-
ccmF	2290986	2292926	-
ccmE	2292926	2293402	-
ccmD	2293402	2293608	-
ccmC	2293608	2294342	-
ccmB	2294387	2295046	-
ccmA	2295046	2295666	-
napC	2295682	2296281	-
napB	2296294	2296740	-
napH	2296740	2297600	-
napG	2297590	2298282	-
napA	2298292	2300775	-
napD	2300775	2301035	-
napF	2301028	2301519	-
yojO	2301628	2301789	+
eco	2301927	2302412	+
mqo	2303133	2304776	-
yojI	2304997	2306637	-
alkB	2306716	2307363	-
ada	2307366	2308427	-
apbE	2308504	2309556	-
ompC	2309671	2310771	-
rcsD	2311510	2314179	+
rcsB	2314199	2314846	+
rcsC	2315052	2317898	-
atoS	2318065	2319888	+
atoC	2319888	2321270	+
atoD	2321469	2322128	+
atoA	2322131	2322778	+
atoE	2322778	2324097	+
atoB	2324131	2325312	+
yfaP	2325392	2326165	-
yfaQ	2326173	2327819	-
yfaT	2332361	2332981	-
yfaA	2332981	2334666	-
gyrA	2334818	2337442	-
ubiG	2337589	2338308	+
yfaL	2338442	2342191	-
nrdA	2342887	2345169	+
nrdB	2345406	2346533	+
yfaE	2346536	2346787	+
inaA	2346847	2347494	-
glpQ	2347960	2349033	-
glpT	2349041	2350396	-
glpA	2350669	2352294	+
glpB	2352287	2353543	+
glpC	2353543	2354730	+
yfaD	2354926	2355822	+
ypaA	2355838	2356020	+
rhmA	2356067	2356867	-
rhmT	2356888	2358174	-
rhmD	2358234	2359436	-
rhmR	2359454	2360233	-
yfaY	2360456	2361655	-
yfaZ	2361758	2362297	-
nudI	2362576	2362998	+
ais	2363043	2363642	-
arnB	2363950	2365086	+
arnC	2365093	2366058	+
arnA	2366061	2368040	+
arnD	2368040	2368927	+
arnT	2368930	2370579	+
arnE	2370579	2370911	+
arnF	2370914	2371297	+
pmrD	2371297	2371560	-
menE	2371673	2373025	-
menC	2373025	2373984	-
menB	2373987	2374841	-
menH	2374859	2375614	-
menD	2375614	2377281	-
menF	2377373	2378665	-
elaB	2378747	2379049	-
elaA	2379107	2379565	-
rbn	2379630	2380544	+
elaD	2380735	2381943	+
yfbK	2382020	2383744	-
yfbL	2383882	2384850	+
yfbM	2384956	2385456	+
yfbN	2385735	2386448	-
yfbO	2386657	2387076	+
yfbP	2387138	2387983	+
nuoN	2388073	2389527	-
nuoM	2389537	2391063	-
nuoL	2391230	2393068	-
nuoK	2393068	2393367	-
nuoJ	2393367	2393918	-
nuoI	2393933	2394472	-
nuoH	2394490	2395464	-
nuoG	2395464	2398187	-
nuoF	2398243	2399577	-
nuoE	2399577	2400074	-
nuoC	2400080	2401867	-
nuoB	2401976	2402635	-
nuoA	2402654	2403094	-
lrhA	2403728	2404663	-
alaA	2405583	2406797	+
yfbR	2406884	2407480	+
yfbS	2407545	2409374	-
yfbT	2409464	2410111	-
yfbU	2410125	2410616	-
yfbV	2410702	2411154	-
ackA	2411492	2412691	+
pta	2412769	2414910	+
yfcC	2415103	2416620	+
yfcD	2416659	2417198	-
yfcE	2417259	2417810	-
yfcF	2417866	2418507	-
yfcG	2418643	2419287	+
folX	2419347	2419706	+
yfcH	2419730	2420620	+
yfcI	2420674	2421561	-
hisP	2421761	2422531	-
hisM	2422542	2423255	-
hisQ	2423255	2423938	-
hisJ	2424031	2424810	-
argT	2425034	2425813	-
ubiX	2426082	2426648	-
purF	2426746	2428260	-
cvpA	2428300	2428785	-
dedD	2429047	2429706	-
folC	2429699	2430964	-
accD	2431037	2431948	-
dedA	2432107	2432763	-
truA	2432849	2433658	-
usg	2433661	2434671	-
pdxB	2434740	2435873	-
flk	2435972	2436964	+
yfcJ	2436967	2438142	-
fabB	2438410	2439627	-
mnmC	2439786	2441789	+
yfcL	2441916	2442191	-
yfcM	2442228	2442773	-
yfcA	2442776	2443582	-
mepA	2443585	2444406	-
aroC	2444413	2445495	-
prmB	2445533	2446462	-
smrB	2446628	2447176	+
yfcO	2447253	2448071	-
yfcP	2448076	2448612	-
yfcQ	2448612	2449097	-
yfcR	2449097	2449606	-
yfcS	2449609	2450358	-
yfcV	2453108	2453668	-
sixA	2454352	2454834	-
fadJ	2455040	2457181	-
fadI	2457184	2458491	-
yfcZ	2458675	2458956	-
fadL	2459328	2460665	+
yfdF	2461034	2462089	+
mlaA	2462277	2463029	-
yfdC	2463323	2464252	+
intS	2464567	2465721	+
gtrA	2465877	2466236	+
gtrB	2466236	2467153	+
gtrS	2467153	2468481	+
yfdK	2469102	2469539	-
yfdN	2470412	2470903	-
yfdP	2471626	2471985	+
yfdQ	2472054	2472875	+
yfdR	2473006	2473539	+
yfdS	2473533	2473892	+
yfdT	2473895	2474197	+
torI	2474332	2474529	+
dsdC	2474719	2475651	-
dsdX	2475869	2477203	+
dsdA	2477224	2478549	+
emrY	2478663	2480198	-
emrK	2480201	2481361	-
evgA	2481777	2482388	+
evgS	2482396	2485986	+
yfdE	2486048	2487190	-
yfdV	2487267	2488208	-
oxc	2488281	2489972	-
frc	2490029	2491276	-
yfdX	2491792	2492424	-
ypdI	2492720	2492992	+
yfdY	2493075	2493314	-
lpxP	2493667	2494584	+
ypdK	2494943	2495011	+
alaC	2495082	2496317	-
ypdA	2496693	2498387	+
ypdB	2498405	2499136	+
ypdC	2499152	2500006	+
fryA	2500015	2502507	-
ypdE	2502535	2503569	-
ypdF	2503572	2504654	-
fryC	2504672	2505916	-
fryB	2505941	2506264	-
glk	2506486	2507448	-
yfeO	2507652	2508905	+
ypeC	2509023	2509346	+
mntH	2509493	2510728	-
nupC	2511064	2512263	+
insL	2512353	2513462	+
yfeA	2513668	2515854	-
yfeC	2516489	2516830	+
yfeD	2516835	2517224	+
gltX	2517282	2518694	-
xapR	2519618	2520499	-
xapB	2520754	2522007	-
xapA	2522070	2522900	-
yfeN	2523149	2523910	+
yfeR	2523955	2524878	-
yfeH	2524968	2525963	+
ypeB	2525966	2526181	-
ligA	2526186	2528198	-
zipA	2528272	2529255	-
cysZ	2529485	2530243	+
cysK	2530431	2531399	+
ptsH	2531786	2532040	+
ptsI	2532088	2533812	+
crr	2533856	2534362	+
pdxK	2534411	2535259	-
yfeK	2535364	2535735	+
yfeS	2535771	2536502	+
cysM	2536697	2537605	-
cysA	2537742	2538836	-
cysW	2538829	2539701	-
cysU	2539704	2540534	-
cysP	2540537	2541550	-
ucpA	2541857	2542645	-
murR	2542777	2543631	-
murQ	2543795	2544688	+
murP	2544695	2546116	+
yfeW	2546124	2547425	+
yfeX	2547671	2548567	-
yfeY	2548666	2549238	-
yfeZ	2549302	2549748	-
ypeA	2549738	2550160	-
amiA	2550374	2551240	+
hemF	2551247	2552143	+
eutR	2552155	2553204	-
eutK	2553253	2553750	-
eutL	2553766	2554422	-
eutC	2554435	2555319	-
eutB	2555343	2556701	-
intZ	2556880	2558085	+
yffL	2558279	2558917	+
yffM	2559390	2559632	+
yffN	2559647	2560012	+
yffO	2560133	2560546	+
yffP	2560546	2561136	+
yffQ	2561614	2561988	+
yffR	2562002	2562391	+
yffS	2562545	2563351	+
eutA	2563506	2564906	-
eutH	2564906	2566129	-
eutG	2566349	2567533	-
eutJ	2567526	2568359	-
eutE	2568373	2569773	-
eutN	2569788	2570072	-
eutM	2570182	2570472	-
eutD	2570514	2571527	-
eutT	2571527	2572327	-
eutQ	2572327	2573025	-
eutP	2573003	2573479	-
eutS	2573495	2573827	-
maeB	2574123	2576399	-
talA	2576688	2577635	+
tktB	2577658	2579658	+
ypfG	2579759	2580799	-
nudK	2580928	2581500	-
aegA	2581571	2583547	-
narQ	2583753	2585450	+
acrD	2585617	2588727	+
ypfM	2588832	2588888	-
yffB	2589269	2589622	+
dapE	2589629	2590753	+
ypfN	2590784	2590981	+
ypfH	2591097	2591792	-
tmcA	2591869	2593881	-
ypfJ	2593899	2594759	-
purC	2594930	2595640	-
bamC	2595856	2596887	-
dapA	2596907	2597782	-
gcvR	2597928	2598497	+
bcp	2598500	2598967	+
hyfA	2599223	2599837	+
hyfB	2599840	2601855	+
hyfC	2601869	2602813	+
hyfD	2602833	2604269	+
hyfE	2604284	2604931	+
hyfF	2604939	2606516	+
hyfG	2606509	2608173	+
hyfH	2608186	2608728	+
hyfI	2608728	2609483	+
hyfJ	2609479	2609889	+
hyfR	2609922	2611931	+
focB	2611956	2612801	+
yfgO	2612845	2613903	-
yfgC	2614116	2615576	+
yfgD	2615600	2615956	+
hda	2616100	2616798	-
uraA	2616896	2618182	-
upp	2618271	2618894	-
purM	2619219	2620253	+
purN	2620256	2620891	+
ppk	2621066	2623129	+
ppx	2623137	2624675	+
yfgF	2624720	2626960	-
yfgG	2627312	2627500	+
yfgH	2627814	2628329	+
yfgI	2628348	2628884	+
guaA	2628983	2630557	-
guaB	2630629	2632092	-
xseA	2632254	2633621	+
yfgJ	2633624	2633836	-
der	2633909	2635378	-
bamB	2635499	2636674	-
yfgM	2636688	2637305	-
hisS	2637326	2638597	-
ispG	2638711	2639826	-
rodZ	2639856	2640866	-
rlmN	2641154	2642305	-
ndk	2642458	2642886	-
pbpC	2643038	2645347	-
yfhM	2645351	2650309	-
sseA	2650516	2651358	+
sseB	2652182	2652955	-
pepB	2653100	2654380	-
iscX	2654561	2654758	-
fdx	2654773	2655105	-
hscA	2655110	2656957	-
hscB	2656977	2657489	-
iscA	2657588	2657908	-
iscU	2657928	2658311	-
iscS	2658342	2659553	-
iscR	2659668	2660153	-
trmJ	2660608	2661345	-
suhB	2661464	2662264	+
yfhR	2662412	2663263	+
csiE	2663457	2664734	+
hcaT	2664732	2665868	-
hcaR	2666031	2666918	-
hcaE	2667054	2668412	+
hcaF	2668412	2668927	+
hcaC	2668930	2669247	+
hcaB	2669247	2670056	+
hcaD	2670069	2671268	+
yphA	2671368	2671787	+
yphB	2671841	2672710	-
yphC	2672725	2673783	-
yphD	2673852	2674847	-
yphE	2674875	2676383	-
yphF	2676409	2677389	-
yphG	2677489	2680767	-
yphH	2680885	2682075	+
glyA	2682279	2683529	-
hmp	2683857	2685044	+
glnB	2685095	2685430	-
glrR	2685494	2686825	-
yfhG	2686818	2687528	-
glrK	2687696	2689120	-
purL	2689681	2693565	-
mltF	2693823	2695376	+
tadA	2695379	2695879	-
pgpC	2695940	2696572	-
yfhH	2696781	2697626	+
yfhL	2697685	2697942	+
shoB	2698142	2698219	-
acpS	2698643	2699020	-
pdxJ	2699023	2699751	-
recO	2699766	2700491	-
era	2700506	2701408	-
rnc	2701408	2702085	-
lepB	2702360	2703331	-
lepA	2703350	2705146	-
rseC	2705347	2705823	-
rseB	2705823	2706776	-
rseA	2706779	2707426	-
rpoE	2707462	2708034	-
nadB	2708442	2710061	+
yfiC	2710052	2710786	-
srmB	2710918	2712249	+
yfiE	2712464	2713342	-
eamB	2713445	2714029	+
yfiD	2714091	2714471	-
ung	2714776	2715462	+
yfiF	2715516	2716550	-
trxC	2716757	2717173	+
yfiP	2717245	2717940	+
yfiQ	2717975	2720632	+
pssA	2720749	2722101	+
yfiM	2722150	2722470	+
kgtP	2722473	2723768	-
clpB	2729625	2732195	-
yfiH	2732328	2733056	-
rluD	2733056	2734033	-
bamD	2734168	2734902	+
raiA	2735176	2735514	+
pheL	2735621	2735665	+
pheA	2735767	2736924	+
tyrA	2736973	2738091	-
aroF	2738105	2739172	-
yfiL	2739382	2739744	+
yfiR	2739897	2740412	+
yfiN	2740405	2741628	+
yfiB	2741647	2742126	+
rplS	2742208	2742552	-
trmD	2742597	2743361	-
rimM	2743395	2743940	-
rpsP	2743962	2744207	-
ffh	2744459	2745817	-
ypjD	2745984	2746772	+
yfjD	2746796	2748079	+
grpE	2748140	2748730	-
nadK	2748853	2749728	+
recN	2749817	2751475	+
bamE	2751627	2751965	+
ratB	2752033	2752320	-
ratA	2752313	2752786	-
smpB	2752918	2753397	+
intA	2754181	2755419	+
yfjH	2755669	2756622	-
alpA	2756666	2756875	+
yfjI	2757007	2758413	+
yfjJ	2758569	2759192	+
yfjK	2759376	2761562	-
yfjL	2761562	2763175	-
yfjM	2763538	2763798	-
rnlA	2763940	2765010	+
rnlB	2765006	2765374	+
yfjP	2765732	2766592	+
yfjQ	2766687	2767505	+
yfjR	2767725	2768423	+
ypjK	2768467	2768700	+
yfjS	2768703	2769143	+
yfjT	2769170	2769634	+
yfjW	2771340	2773040	+
yfjX	2773941	2774396	+
yfjY	2774408	2774887	+
ypjJ	2774899	2775096	+
yfjZ	2775137	2775451	+
ypjF	2775475	2775801	+
ypjA	2776171	2780748	-
csiD	2787007	2787981	+
lhgO	2788004	2789269	+
gabD	2789295	2790740	+
gabT	2790757	2792034	+
gabP	2792275	2793672	+
csiR	2793696	2794355	+
ygaU	2794362	2794808	-
yqaE	2794895	2795050	-
ygaV	2795233	2795529	+
ygaP	2795542	2796063	+
stpA	2796116	2796517	-
alaE	2797186	2797632	+
ygaC	2797675	2798016	-
ygaM	2798156	2798494	+
nrdH	2798745	2798987	+
nrdI	2798987	2799394	+
nrdE	2799370	2801511	+
nrdF	2801524	2802480	+
proV	2802837	2804036	+
proW	2804032	2805093	+
proX	2805154	2806143	+
ygaZ	2807639	2808373	+
ygaH	2808366	2808698	+
mprA	2808792	2809319	+
emrA	2809449	2810618	+
emrB	2810638	2812173	+
luxS	2812243	2812755	-
gshA	2812908	2814461	-
yqaA	2814537	2814962	-
yqaB	2814962	2815525	-
csrA	2816986	2817168	-
alaS	2817406	2820033	-
recX	2820164	2820661	-
recA	2820733	2821791	-
ygaD	2821874	2822368	-
mltB	2822516	2823598	-
srlA	2823854	2824414	+
srlE	2824414	2825370	+
srlB	2825384	2825752	+
srlD	2825759	2826535	+
gutM	2826643	2826999	+
srlR	2827069	2827839	+
gutQ	2827835	2828797	+
norR	2828800	2830311	-
norV	2830498	2831934	+
norW	2831934	2833064	+
hypF	2833198	2835447	-
hydN	2835603	2836127	-
ascG	2836279	2837286	-
ascF	2837546	2839000	+
ascB	2839012	2840433	+
hycI	2840598	2841065	-
hycH	2841061	2841468	-
hycG	2841468	2842232	-
hycF	2842235	2842774	-
hycE	2842787	2844493	-
hycD	2844514	2845434	-
hycC	2845440	2847263	-
hycB	2847263	2847871	-
hycA	2847999	2848457	-
hypA	2848669	2849016	+
hypB	2849023	2849892	+
hypC	2849886	2850155	+
hypD	2850158	2851276	+
hypE	2851276	2852283	+
fhlA	2852360	2854435	+
ygbA	2854478	2854828	-
mutS	2855115	2857673	+
pphB	2857782	2858435	+
ygbI	2858492	2859256	-
ygbJ	2859452	2860357	+
ygbK	2860357	2861520	+
ygbL	2861615	2862250	+
ygbM	2862258	2863031	+
ygbN	2863123	2864484	+
rpoS	2864584	2865573	-
nlpD	2865639	2866775	-
pcm	2866918	2867541	-
surE	2867538	2868296	-
truD	2868280	2869326	-
ispF	2869326	2869802	-
ispD	2869805	2870512	-
ftsB	2870534	2870842	-
ygbE	2871039	2871359	-
cysC	2871412	2872014	-
cysN	2872017	2873441	-
cysD	2873446	2874351	-
iap	2874603	2875637	+
ygbF	2876594	2876875	-
ygbT	2876880	2877794	-
casE	2877813	2878409	-
casD	2878399	2879070	-
casC	2879076	2880164	-
casB	2880180	2880659	-
casA	2880655	2882160	-
ygcB	2882578	2885241	-
cysH	2885603	2886334	-
cysI	2886412	2888121	-
cysJ	2888124	2889920	-
queD	2890236	2890598	+
ygcN	2890679	2891947	+
ygcO	2891941	2892198	+
ygcP	2892218	2892790	+
ygcQ	2892944	2893801	-
ygcR	2893801	2894577	-
ygcS	2894558	2895892	-
ygcU	2895989	2897440	-
ygcW	2897513	2898295	-
yqcE	2898614	2899888	+
ygcE	2899918	2901393	+
queE	2902772	2903440	-
yqcG	2903579	2903716	+
ygcG	2903733	2904602	+
eno	2904668	2905963	-
pyrG	2906054	2907688	-
mazG	2907919	2908707	-
mazF	2908781	2909113	-
mazE	2909116	2909361	-
relA	2909442	2911673	-
rlmC	2911724	2913022	-
barA	2913079	2915832	+
gudD	2916070	2917407	-
gudX	2917431	2918768	-
gudP	2918773	2920122	-
yqcA	2920560	2921006	-
truC	2921027	2921806	-
yqcC	2921809	2922135	-
syd	2922760	2923302	-
queF	2923370	2924215	+
ygdH	2924330	2925691	+
sdaC	2926251	2927537	+
sdaB	2927598	2928962	+
ygdG	2929077	2929829	+
fucO	2929890	2931035	-
fucA	2931066	2931710	-
fucP	2932257	2933570	+
fucI	2933606	2935378	+
fucK	2935460	2936905	+
fucU	2936910	2937329	+
fucR	2937390	2938118	+
rlmM	2938168	2939265	-
ygdD	2939261	2939653	-
gcvA	2939675	2940589	-
ygdI	2940943	2941167	-
csdA	2941359	2942561	+
csdE	2942564	2943004	+
csdL	2943061	2943864	-
mltA	2944106	2945200	-
amiC	2945782	2947032	-
argA	2947264	2948592	+
recD	2948660	2950483	-
recB	2950486	2954025	-
ptrA	2954021	2956906	-
recC	2957085	2960450	-
ppdC	2960466	2960786	-
ygdB	2960774	2961178	-
ppdB	2961178	2961738	-
ppdA	2961732	2962199	-
thyA	2962386	2963177	-
lgt	2963187	2964059	-
ptsP	2964213	2966456	-
rppH	2966472	2966999	-
mutH	2967684	2968370	+
ygdQ	2968442	2969152	+
ygdR	2969293	2969508	+
tas	2969619	2970656	+
lplT	2970694	2971884	-
aas	2971880	2974036	-
galR	2974621	2975649	+
lysA	2975662	2976921	-
lysR	2977043	2977975	+
ygeA	2977968	2978657	-
araE	2978789	2980204	-
kduD	2980522	2981280	-
kduI	2981313	2982146	-
yqeF	2982436	2983614	-
yqeG	2983869	2985095	+
yqeH	2985558	2986187	+
yqeI	2986524	2987330	+
yqeJ	2987326	2987805	+
yqeL	2987844	2987921	-
yqeK	2987960	2988382	-
ygeG	2989290	2989778	+
ygeH	2990116	2991489	+
ygeI	2991660	2991875	+
insD	2994397	2995299	-
insC	2995260	2995622	-
ygeR	2997161	2997913	-
xdhA	2998367	3000622	+
xdhB	3000636	3001511	+
xdhC	3001511	3001987	+
ygeV	3002033	3003808	-
ygeW	3004284	3005471	+
ygeX	3005532	3006725	+
ygeY	3006786	3007994	+
hyuA	3008050	3009432	+
yqeA	3009483	3010412	+
yqeB	3010639	3012261	-
yqeC	3012312	3013079	-
mocA	3013182	3013757	+
ygfK	3014082	3017177	+
ssnA	3017183	3018508	+
ygfM	3018562	3019338	+
xdhD	3019338	3022205	+
xanQ	3022373	3023770	+
guaD	3023788	3025104	+
ygfQ	3025143	3026507	+
ygfS	3026549	3027034	-
ygfT	3027037	3028953	-
ygfU	3029389	3030834	+
yqfG	3030839	3030961	+
idi	3031087	3031632	+
lysS	3031682	3033196	-
prfB	3034230	3034304	-
prfB	3033209	3034228	-
recJ	3034398	3036128	-
dsbC	3036137	3036844	-
xerD	3036872	3037765	-
fldB	3037877	3038395	+
ygfX	3038441	3038845	-
ygfY	3038829	3039092	-
ygfZ	3039335	3040312	+
yqfA	3040514	3041170	-
yqfB	3041337	3041645	-
bglA	3041684	3043120	+
ygfF	3043183	3043923	-
gcvP	3044193	3047063	-
gcvH	3047185	3047571	-
gcvT	3047598	3048689	-
visC	3049140	3050339	-
ubiH	3050365	3051540	-
pepP	3051540	3052862	-
ygfB	3052891	3053466	-
zapA	3053634	3053960	+
fau	3054263	3054808	+
ibsC	3054915	3054971	-
serA	3055203	3056432	-
rpiA	3056691	3057347	-
argP	3057775	3058665	+
scpA	3058872	3061013	+
argK	3061009	3062001	+
scpB	3062015	3062797	+
scpC	3062824	3064299	+
ygfI	3064302	3065195	-
yggE	3065365	3066102	-
argO	3066198	3066830	-
mscS	3066972	3067829	-
fbaA	3068190	3069266	-
pgk	3069484	3070644	-
epd	3070697	3071713	-
yggC	3072001	3072711	-
yggD	3072711	3073217	-
yggF	3073242	3074204	-
yggP	3074204	3075478	-
cmtA	3075496	3076881	-
cmtB	3076912	3077352	-
tktA	3077669	3079657	-
yggG	3079935	3080690	+
speB	3080902	3081819	-
speA	3081960	3083933	-
yqgB	3083945	3084073	-
yqgC	3084209	3084421	+
metK	3084728	3085879	+
galP	3086306	3087697	+
yggI	3087777	3088271	+
endA	3088369	3089073	+
rsmE	3089156	3089884	+
gshB	3089900	3090847	+
yqgE	3090959	3091519	+
yqgF	3091522	3091935	+
yggR	3092125	3093102	-
yggS	3093120	3093821	+
yggT	3093842	3094405	+
yggU	3094405	3094692	+
rdgB	3094703	3095293	+
yggW	3095289	3096422	+
yggM	3096583	3097587	-
ansB	3097707	3098750	-
yggN	3098929	3099645	-
yggL	3099832	3100155	-
trmI	3100158	3100874	-
mutY	3101035	3102084	+
yggX	3102115	3102387	+
mltC	3102455	3103531	+
nupG	3103736	3104989	+
speC	3105045	3107177	-
yqgA	3107575	3108279	+
yghD	3108615	3109148	-
yghG	3111092	3111499	-
pppA	3111568	3112374	-
yghJ	3112575	3117134	-
glcA	3117622	3119301	-
glcB	3119659	3121827	-
glcG	3121852	3122253	-
glcF	3122261	3123481	-
glcE	3123495	3124544	-
glcD	3124547	3126043	-
glcC	3126294	3127055	+
insH	3128200	3129213	+
yghQ	3129366	3130430	-
yghR	3130479	3131234	-
yghS	3131269	3131979	-
yghT	3132153	3132842	+
pitB	3132897	3134393	-
gss	3134688	3136544	-
yghU	3136749	3137612	+
hybG	3137741	3137986	-
hybF	3138002	3138340	-
hybE	3138336	3138821	-
hybD	3138817	3139308	-
hybC	3139311	3141011	-
hybB	3141011	3142186	-
hybA	3142179	3143162	-
hybO	3143168	3144283	-
yghW	3144475	3144759	-
gpr	3145919	3146956	+
yqhA	3147002	3147493	-
yghA	3147684	3148565	+
exbD	3148843	3149265	-
exbB	3149275	3150006	-
metC	3150258	3151442	+
yghB	3151585	3152241	+
yqhC	3152287	3153240	-
yqhD	3153377	3154537	+
dkgA	3154645	3155469	+
yqhG	3155672	3156595	+
yqhH	3156649	3156903	+
ygiQ	3156952	3159168	-
ftsP	3159282	3160691	-
plsC	3160769	3161503	-
parC	3161740	3163995	-
ygiS	3164136	3165740	-
mqsA	3165876	3166268	-
mqsR	3166273	3166566	-
ygiV	3166774	3167253	-
ygiW	3167309	3167698	-
qseB	3167850	3168506	+
qseC	3168506	3169852	+
ygiZ	3169904	3170233	-
mdaB	3170552	3171130	+
ygiN	3171164	3171475	+
parE	3171529	3173418	-
yqiA	3173450	3174028	-
cpdA	3174031	3174855	-
yqiB	3174883	3175302	-
nudF	3175306	3175932	-
tolC	3176137	3177615	+
ygiB	3177766	3178434	+
ygiC	3178443	3179600	+
ygiD	3179644	3180429	-
zupT	3180572	3181342	+
ribB	3181838	3182488	-
yqiC	3182862	3183149	+
ygiL	3183436	3183984	+
insC	3184209	3184571	+
insD	3184532	3185434	+
yqiH	3187903	3188649	+
yqiI	3188654	3189715	+
glgS	3189764	3189961	-
yqiJ	3190230	3190856	+
yqiK	3190886	3192544	+
ibsD	3192788	3192844	+
ibsE	3193163	3193219	+
rfaE	3193345	3194775	-
glnE	3194826	3197663	-
ygiF	3197689	3198987	-
ygiM	3199229	3199846	+
cca	3199913	3201148	+
bacA	3201335	3202153	-
folB	3202246	3202611	-
plsY	3202716	3203330	+
ttdR	3203349	3204278	-
ttdA	3204485	3205393	+
ttdB	3205393	3205995	+
ttdT	3206046	3207506	+
ygjD	3207555	3208565	-
rpsU	3208803	3209015	+
dnaG	3209129	3210871	+
rpoD	3211069	3212907	+
mug	3212992	3213495	-
yqjH	3213752	3214513	-
yqjI	3214801	3215421	+
aer	3215581	3217098	-
patA	3217516	3218892	+
ygjH	3218940	3219269	-
ebgR	3219488	3220468	+
ebgA	3220655	3223744	+
ebgC	3223744	3224190	+
ygjI	3224256	3225686	+
ygjJ	3225823	3226890	+
ygjK	3226910	3229258	+
fadH	3229687	3231702	+
higA	3231753	3232166	-
higB	3232166	3232477	-
rlmG	3232764	3233897	-
ygjP	3233982	3234482	+
ygjQ	3234562	3235251	+
ygjR	3235333	3236316	+
alx	3236602	3237564	+
sstT	3237966	3239207	+
ygjV	3239218	3239766	-
uxaA	3239852	3241336	-
uxaC	3241354	3242763	-
exuT	3243126	3244541	+
exuR	3244674	3245447	+
yqjA	3245795	3246454	+
mzrA	3246461	3246841	+
yqjC	3246991	3247356	+
yqjD	3247397	3247699	+
yqjE	3247705	3248106	+
yqjK	3248099	3248395	+
yqjF	3248584	3248973	+
yqjG	3249046	3250029	+
yhaH	3250326	3250688	+
yhaI	3250933	3251286	+
yhaJ	3251343	3252236	-
yhaK	3252341	3253039	+
yhaL	3253065	3253226	+
yhaM	3253366	3254673	-
yhaO	3254704	3256032	-
tdcG	3256310	3257671	-
tdcF	3257746	3258132	-
tdcE	3258149	3260440	-
tdcD	3260477	3261682	-
tdcC	3261711	3263039	-
tdcB	3263064	3264050	-
tdcA	3264152	3265087	-
tdcR	3265402	3265617	+
yhaB	3265876	3266412	+
yhaC	3266437	3267621	+
garK	3268650	3269792	-
garR	3269892	3270773	-
garL	3270812	3271579	-
garP	3271598	3272929	-
garD	3273304	3274872	+
prlF	3275024	3275356	+
yhaV	3275359	3275820	+
agaR	3275881	3276687	-
kbaZ	3276936	3278213	+
agaV	3278239	3278709	+
agaS	3279998	3281149	+
kbaY	3281165	3282022	+
agaB	3282192	3282665	+
agaC	3282707	3283507	+
agaD	3283500	3284288	+
agaI	3284292	3285044	+
yraH	3285448	3286029	+
yraI	3286112	3286804	+
yraJ	3286836	3289349	+
yraK	3289363	3290451	+
rsmI	3290500	3291357	-
lpoA	3291422	3293455	+
yraN	3293416	3293808	+
diaA	3293831	3294418	+
yraP	3294431	3295003	+
yraQ	3295123	3296160	-
yraR	3296236	3296868	-
yhbO	3296996	3297511	+
yhbP	3297497	3297937	-
yhbQ	3297988	3298287	+
yhbS	3298280	3298780	-
yhbT	3298777	3299298	-
yhbU	3299507	3300499	+
yhbV	3300511	3301386	+
yhbW	3301470	3302474	+
mtr	3302598	3303839	-
deaD	3303996	3305882	-
yrbN	3305878	3305955	-
nlpI	3306065	3306946	-
pnp	3307058	3309190	-
rpsO	3309440	3309706	-
truB	3309858	3310799	-
rbfA	3310802	3311200	-
infB	3311367	3314036	-
nusA	3314064	3315548	-
rimP	3315579	3316028	-
argG	3316659	3317999	+
yhbX	3318013	3319635	-
secG	3320198	3320527	-
glmM	3320758	3322092	-
folP	3322088	3322933	-
ftsH	3323026	3324957	-
rlmE	3325060	3325686	-
yhbY	3325812	3326102	+
greA	3326264	3326737	-
dacB	3326985	3328415	+
obgE	3328607	3329776	-
yhbE	3329795	3330757	-
rpmA	3330887	3331141	-
rplU	3331165	3331473	-
ispB	3331732	3332700	+
sfsB	3332931	3333206	+
murA	3333260	3334516	-
yrbA	3334574	3334825	-
mlaB	3334988	3335278	-
mlaC	3335281	3335913	-
mlaD	3335935	3336483	-
mlaE	3336491	3337270	-
mlaF	3337281	3338087	-
yrbG	3338297	3339271	+
kdsD	3339288	3340271	+
kdsC	3340295	3340858	+
lptC	3340858	3341430	+
lptA	3341402	3341956	+
lptB	3341966	3342688	+
rpoN	3342739	3344169	+
hpf	3344195	3344479	+
ptsN	3344600	3345088	+
yhbJ	3345137	3345988	+
npr	3345988	3346257	+
yrbL	3346474	3347103	+
mtgA	3347106	3347831	-
elbB	3347831	3348481	-
arcB	3348714	3351047	-
yhcC	3351146	3352072	-
gltB	3352747	3357204	+
gltD	3357220	3358635	+
gltF	3359198	3359959	+
yhcA	3360134	3360805	+
yhcD	3360829	3363207	+
insH	3363727	3364740	-
yhcF	3364948	3365661	+
yhcG	3365849	3366973	+
yhcH	3367039	3367500	-
nanK	3367500	3368372	-
nanE	3368372	3369058	-
nanT	3369109	3370596	-
nanA	3370708	3371598	-
nanR	3371723	3372511	-
dcuD	3372891	3374255	+
sspB	3374304	3374798	-
sspA	3374807	3375442	-
rpsI	3375840	3376229	-
rplM	3376248	3376673	-
yhcM	3376895	3378019	-
yhcB	3378213	3378608	+
degQ	3378765	3380129	+
degS	3380222	3381286	+
mdh	3381355	3382290	-
argR	3382725	3383192	+
yhcN	3383560	3383820	+
yhcO	3383882	3384151	-
aaeB	3384246	3386210	-
aaeA	3386219	3387148	-
aaeX	3387159	3387359	-
aaeR	3387542	3388468	+
tldD	3388608	3390050	-
yhdP	3390483	3394280	-
rng	3394351	3395817	-
yhdE	3395810	3396400	-
mreD	3396412	3396897	-
mreC	3396900	3398000	-
mreB	3398069	3399109	-
csrD	3399417	3401354	-
yhdH	3401506	3402477	+
accB	3403458	3403925	+
accC	3403939	3405285	+
yhdT	3405397	3405636	+
panF	3405629	3407077	+
prmA	3407092	3407970	+
dusB	3408302	3409264	+
fis	3409293	3409586	+
yhdJ	3409675	3410556	+
yhdU	3410643	3410819	+
envR	3410828	3411487	-
acrE	3411886	3413040	+
acrF	3413055	3416156	+
yhdV	3416412	3416630	+
yhdX	3418156	3419334	+
yhdY	3419347	3420447	+
yhdZ	3420458	3421213	+
yrdA	3427258	3427809	+
yrdB	3427791	3428045	-
aroE	3428045	3428860	-
rimN	3428868	3429437	-
yrdD	3429445	3429984	-
smg	3430016	3430486	-
smf	3430461	3431582	-
def	3431712	3432218	+
fmt	3432236	3433180	+
rsmB	3433229	3434515	+
trkA	3434540	3435913	+
mscL	3436046	3436453	+
arfA	3436456	3436671	-
zntR	3436730	3437152	-
yhdN	3437166	3437531	-
rplQ	3437641	3438021	-
rpoA	3438065	3439051	-
rpsD	3439080	3439697	-
rpsK	3439734	3440120	-
rpsM	3440140	3440493	-
rpmJ	3440643	3440756	-
secY	3440791	3442119	-
rplO	3442130	3442561	-
rpmD	3442568	3442744	-
rpsE	3442751	3443251	-
rplR	3443269	3443619	-
rplF	3443632	3444162	-
rpsH	3444178	3444567	-
rpsN	3444604	3444906	-
rplE	3444924	3445460	-
rplX	3445478	3445789	-
rplN	3445803	3446171	-
rpsQ	3446339	3446590	-
rpmC	3446593	3446781	-
rplP	3446784	3447191	-
rpsC	3447207	3447905	-
rplV	3447926	3448255	-
rpsS	3448273	3448548	-
rplB	3448568	3449386	-
rplW	3449407	3449706	-
rplD	3449706	3450308	-
rplC	3450322	3450948	-
rpsJ	3450984	3451292	-
gspB	3451533	3451949	-
gspA	3451954	3453420	-
gspC	3453600	3454412	+
gspD	3454399	3456348	+
gspE	3456361	3457839	+
gspF	3457839	3459032	+
gspG	3459045	3459479	+
gspH	3459490	3459996	+
gspI	3459996	3460370	+
gspJ	3460366	3460950	+
gspK	3460946	3461926	+
gspL	3461944	3463104	+
gspM	3463104	3463562	+
gspO	3463565	3464239	+
bfr	3464274	3464747	-
bfd	3464822	3465013	-
chiA	3465185	3467875	-
tufA	3468170	3469351	-
fusA	3469425	3471536	-
rpsG	3471567	3472103	-
rpsL	3472203	3472574	-
tusB	3472703	3472987	-
tusC	3472998	3473354	-
tusD	3473357	3473740	-
yheO	3473743	3474462	-
fkpA	3474632	3475441	-
slyX	3475662	3475877	+
slyD	3475932	3476519	-
yheV	3476617	3476814	-
kefB	3476827	3478629	-
kefG	3478632	3479183	-
yheS	3479311	3481221	+
yheT	3481224	3482243	+
yheU	3482240	3482455	+
prkB	3482512	3483378	+
yhfA	3483439	3483840	-
crp	3484142	3484771	+
yhfK	3484813	3486912	+
argD	3486985	3488202	-
pabA	3488291	3488851	-
fic	3488886	3489485	-
yhfG	3489478	3489642	-
ppiA	3489750	3490319	-
tsgA	3490590	3491768	+
nirB	3492033	3494573	+
nirD	3494573	3494896	+
nirC	3495025	3495828	+
cysG	3495850	3497220	+
yhfL	3497470	3497634	+
frlA	3497932	3499266	+
frlB	3499290	3500309	+
frlC	3500362	3501189	+
frlD	3501189	3501971	+
frlR	3502074	3502802	+
yhfS	3502960	3504042	-
yhfT	3504057	3505358	-
yhfU	3505373	3505723	-
php	3505737	3506612	-
yhfW	3506612	3507835	-
yhfX	3507838	3508998	-
yhfY	3509085	3509444	-
yhfZ	3509464	3510366	-
trpS	3510659	3511660	-
gph	3511656	3512411	-
rpe	3512407	3513081	-
dam	3513102	3513935	-
damX	3514045	3515328	-
aroB	3515423	3516508	-
aroK	3516568	3517086	-
hofQ	3517490	3518725	-
hofP	3518640	3519041	-
hofO	3519034	3519471	-
hofN	3519458	3519994	-
hofM	3519997	3520773	-
mrcA	3520893	3523442	+
nudE	3523614	3524171	-
yrfF	3524491	3526623	+
yrfG	3526691	3527356	+
hslR	3527370	3527768	+
hslO	3527796	3528671	+
yhgE	3528740	3530461	-
pck	3530840	3532459	+
envZ	3532541	3533890	-
ompR	3533890	3534606	-
greB	3534834	3535307	+
yhgF	3535407	3537725	+
feoA	3538185	3538409	+
feoB	3538429	3540747	+
feoC	3540750	3540983	+
yhgA	3541189	3542064	+
bioH	3542099	3542866	-
gntX	3542904	3543584	+
nfuA	3543646	3544218	+
gntT	3544581	3545894	+
malQ	3546011	3548092	-
malP	3548105	3550495	-
malT	3551107	3553809	+
rtcA	3553858	3554871	-
rtcB	3554878	3556101	-
rtcR	3556290	3557885	+
glpR	3557873	3558628	-
glpG	3558648	3559475	-
glpE	3559523	3559846	-
glpD	3560036	3561538	+
glgP	3562160	3564604	-
glgA	3564626	3566056	-
glgC	3566059	3567351	-
glgX	3567372	3569342	-
glgB	3569342	3571525	-
asd	3571801	3572901	-
yhgN	3573094	3573684	+
gntU	3573747	3575084	-
gntK	3575091	3575615	-
gntR	3575757	3576749	-
yhhW	3576976	3577668	-
yhhX	3577794	3578828	-
yhhY	3579161	3579646	+
yhhZ	3579886	3581061	+
insA	3581506	3581778	+
insB	3581700	3582200	+
yrhD	3582427	3582579	+
yrhB	3582782	3583063	+
ggt	3583107	3584846	-
yhhA	3584966	3585403	+
ugpQ	3585396	3586136	-
ugpC	3586136	3587203	-
ugpE	3587208	3588050	-
ugpA	3588050	3588934	-
ugpB	3589035	3590348	-
livF	3590750	3591460	-
livG	3591465	3592229	-
livM	3592229	3593503	-
livH	3593503	3594426	-
livK	3594477	3595583	-
yhhK	3596007	3596387	+
livJ	3596581	3597681	-
rpoH	3597955	3598806	-
ftsX	3599054	3600109	-
ftsE	3600105	3600770	-
ftsY	3600776	3602266	-
rsmD	3602416	3603009	+
yhhL	3603002	3603268	+
yhhM	3603277	3603633	-
yhhN	3603774	3604397	+
zntA	3604474	3606669	+
tusA	3606777	3607019	-
yhhQ	3607240	3607902	+
dcrB	3607978	3608532	+
yhhS	3608542	3609756	-
yhhT	3609888	3610934	+
acpT	3610992	3611576	+
nikA	3611690	3613261	+
nikB	3613264	3614205	+
nikC	3614205	3615035	+
nikD	3615038	3615799	+
nikE	3615799	3616602	+
nikR	3616611	3617009	+
rhsB	3617215	3621447	+
yhhH	3621422	3621802	+
yhhI	3622401	3623534	+
yhhJ	3623705	3624826	-
rbbA	3624829	3627561	-
yhiI	3627561	3628625	-
yhiJ	3628994	3630613	-
yhiM	3632864	3633913	+
yhiN	3634234	3635433	-
pitA	3635665	3637161	+
uspB	3637411	3637743	-
uspA	3638134	3638565	+
dtpB	3638885	3640351	+
yhiQ	3640406	3641155	-
prlC	3641166	3643205	-
yhiR	3643408	3644247	+
gor	3644322	3645671	+
dinQ	3645731	3645856	-
arsR	3646551	3646901	+
arsB	3646958	3648244	+
arsC	3648260	3648682	+
insH	3650208	3651221	-
slp	3651984	3652547	+
dctR	3652706	3653233	+
yhiD	3653281	3653925	-
hdeB	3653992	3654315	-
hdeA	3654434	3654763	-
hdeD	3655018	3655587	+
gadE	3656389	3656913	+
mdtE	3657255	3658409	+
mdtF	3658437	3661547	+
gadW	3661916	3662641	-
gadX	3663012	3663833	-
gadA	3664206	3665603	-
yhjA	3665817	3667211	-
treF	3667615	3669261	+
yhjB	3669318	3669917	-
yhjC	3670437	3671333	+
yhjD	3671385	3672395	+
yhjE	3672809	3674128	+
yhjG	3674316	3676373	-
yhjH	3676446	3677210	-
kdgK	3677442	3678368	+
yhjJ	3678470	3679963	-
dctA	3680187	3681470	-
yhjK	3681656	3683641	-
bcsC	3683726	3687196	-
bcsZ	3687181	3688284	-
bcsB	3688294	3690630	-
bcsA	3690644	3693259	-
yhjR	3694023	3694208	-
bcsE	3694481	3696049	+
bcsF	3696049	3696237	+
bcsG	3696237	3697913	+
ldrD	3698006	3698110	-
yhjV	3698586	3699854	+
dppF	3699890	3700891	-
dppD	3700891	3701871	-
dppC	3701885	3702784	-
dppB	3702797	3703813	-
dppA	3704124	3705728	-
eptB	3706810	3708498	-
yhjX	3708825	3710030	-
yhjY	3710262	3710957	-
tag	3711115	3711675	+
yiaC	3711675	3712112	+
bisC	3712087	3714417	-
yiaD	3714570	3715226	+
ghrB	3715333	3716304	+
yiaF	3716360	3717067	-
yiaG	3717501	3717788	+
cspA	3718072	3718281	+
hokA	3718474	3718623	-
insJ	3718703	3719221	+
insK	3719221	3720069	+
glyS	3720354	3722420	-
glyQ	3722433	3723341	-
ysaB	3723439	3723735	-
wecH	3723910	3724902	+
yiaA	3724950	3725384	-
yiaB	3725433	3725771	-
xylB	3725943	3727394	-
xylA	3727469	3728788	-
xylF	3729154	3730143	+
xylG	3730224	3731762	+
xylH	3731743	3732921	+
xylR	3733002	3734177	+
bax	3734379	3735200	-
malS	3735520	3737547	+
avtA	3737728	3738978	+
ysaA	3739135	3739605	-
yiaJ	3739710	3740555	-
yiaK	3740756	3741751	+
yiaL	3741766	3742230	+
yiaM	3742351	3742821	+
yiaN	3742827	3744101	+
yiaO	3744117	3745100	+
lyxK	3745107	3746600	+
yiaQ	3746600	3747259	+
yiaR	3747255	3748112	+
yiaS	3748109	3748801	+
yiaT	3749154	3749891	-
yiaU	3750015	3750986	+
yiaV	3750989	3752122	-
yiaW	3752131	3752451	-
aldB	3752999	3754534	-
yiaY	3754702	3755850	-
selB	3756043	3757884	-
selA	3757884	3759272	-
yibF	3759373	3759978	-
rhsA	3760206	3764336	+
yibA	3764360	3765199	+
yibG	3766200	3766658	+
yibH	3768269	3769402	-
yibI	3769408	3769767	-
mtlA	3770304	3772214	+
mtlD	3772447	3773592	+
mtlR	3773595	3774179	+
yibT	3774197	3774403	-
yibL	3774688	3775047	+
lldP	3775422	3777074	+
lldR	3777077	3777850	+
lldD	3777850	3779037	+
trmL	3779238	3779708	+
cysE	3779767	3780585	-
gpsA	3780668	3781684	-
secB	3781687	3782151	-
grxC	3782217	3782465	-
yibN	3782610	3783038	-
gpmM	3783283	3784824	+
envC	3784861	3786117	+
yibQ	3786124	3787080	+
yibD	3787073	3788104	-
tdh	3788346	3789368	-
kbl	3789381	3790574	-
yibB	3790852	3791706	-
rfaD	3792010	3792939	+
rfaF	3792952	3793995	+
rfaC	3794002	3794958	+
rfaL	3794971	3796227	+
waaU	3796265	3797335	-
rfaZ	3797371	3798219	-
rfaY	3798293	3798988	-
rfaJ	3799009	3800022	-
rfaI	3800065	3801081	-
rfaB	3801084	3802160	-
rfaS	3802207	3803139	-
rfaP	3803179	3803973	-
rfaG	3803969	3805090	-
rfaQ	3805090	3806121	-
waaA	3806563	3807837	+
coaD	3807848	3808324	+
mutM	3808369	3809175	-
rpmG	3809276	3809440	-
rpmB	3809464	3809697	-
yicR	3809917	3810582	-
dfp	3810754	3811971	+
dut	3811955	3812407	+
slmA	3812517	3813110	+
pyrE	3813153	3813791	-
rph	3813889	3814572	-
yicC	3814699	3815559	+
dinD	3815783	3816604	+
yicG	3816897	3817511	+
ligB	3817514	3819193	-
gmk	3819451	3820071	+
rpoZ	3820129	3820401	+
spoT	3820423	3822528	+
trmH	3822538	3823224	+
recG	3823233	3825311	+
gltS	3825486	3826688	-
xanP	3826968	3828356	+
yicH	3828480	3830186	+
yicI	3830245	3832560	-
yicJ	3832573	3833952	-
setC	3834976	3836157	+
yicL	3836271	3837191	+
nlpA	3837201	3838016	-
yicS	3838238	3838528	+
nepI	3838575	3839762	-
yicN	3839976	3840425	-
yicO	3840481	3841812	-
ade	3841987	3843750	+
uhpT	3843802	3845190	-
uhpC	3845331	3846647	-
uhpB	3846660	3848159	-
uhpA	3848162	3848749	-
ilvN	3848828	3849115	-
ilvB	3849122	3850807	-
ivbL	3850916	3851011	-
tisB	3851576	3851662	+
emrD	3851945	3853126	+
yidF	3853140	3853634	-
yidG	3853634	3853993	-
yidH	3853986	3854330	-
yidI	3854438	3854884	+
yidJ	3854937	3856427	-
yidK	3856427	3858139	-
yidL	3858306	3859196	+
yidP	3861922	3862635	+
yidE	3862638	3864296	-
ibpB	3864495	3864920	-
ibpA	3865035	3865445	-
yidQ	3865751	3866080	+
yidR	3866088	3867332	-
cbrA	3867400	3868461	+
dgoT	3868464	3869753	-
dgoD	3869876	3871021	-
dgoA	3871021	3871635	-
dgoK	3871622	3872497	-
dgoR	3872497	3873183	-
yidX	3873461	3874114	+
yidA	3874166	3874975	-
yidB	3875093	3875488	-
gyrB	3875731	3878142	-
recF	3878174	3879244	-
dnaN	3879247	3880344	-
dnaA	3880352	3881752	-
rpmH	3882359	3882496	+
rnpA	3882516	3882872	+
yidD	3882839	3883093	+
yidC	3883099	3884742	+
mnmE	3884851	3886212	+
tnaC	3886458	3886529	+
tnaA	3886753	3888165	+
tnaB	3888259	3889503	+
mdtL	3889638	3890810	+
yidZ	3890788	3891744	+
yieE	3891904	3892650	+
yieF	3892675	3893238	+
purP	3893298	3894632	-
yieH	3894797	3895459	+
cbrB	3895529	3895993	+
cbrC	3896045	3896629	+
yieK	3896697	3897416	-
yieL	3897434	3898600	-
bglH	3898630	3900243	-
bglB	3900315	3901724	-
bglF	3901746	3903620	-
bglG	3903757	3904590	-
phoU	3904879	3905601	-
pstB	3905619	3906389	-
pstA	3906575	3907462	-
pstC	3907465	3908421	-
pstS	3908511	3909548	-
glmS	3909865	3911691	-
glmU	3911856	3913223	-
atpC	3913579	3913995	-
atpD	3914019	3915398	-
atpG	3915428	3916288	-
atpA	3916342	3917880	-
atpH	3917896	3918426	-
atpF	3918444	3918911	-
atpE	3918976	3919212	-
atpB	3919262	3920074	-
atpI	3920086	3920463	-
rsmG	3921083	3921703	-
mnmG	3921770	3923656	-
mioC	3924038	3924478	-
asnC	3924571	3925026	-
asnA	3925178	3926167	+
viaA	3926178	3927626	-
ravA	3927623	3929116	-
kup	3929339	3931204	+
rbsD	3931374	3931790	+
rbsA	3931801	3933303	+
rbsC	3933311	3934273	+
rbsB	3934301	3935188	+
rbsK	3935317	3936243	+
rbsR	3936250	3937239	+
hsrA	3937211	3938635	-
yieP	3938661	3939350	-
hdfR	3945154	3945990	-
yifE	3946109	3946444	+
yifB	3946475	3947992	-
ilvL	3948345	3948440	+
ilvX	3948530	3948577	+
ilvM	3950224	3950484	+
ilvE	3950507	3951433	+
ilvD	3951501	3953348	+
ilvA	3953354	3954895	+
ilvY	3954953	3955843	-
ilvC	3955993	3957465	+
ppiC	3957558	3957836	-
rep	3958700	3960718	+
gpp	3960771	3962252	-
rhlB	3962391	3963653	-
trxA	3963784	3964110	+
rho	3964440	3965696	+
rfe	3965939	3967039	+
wzzE	3967054	3968097	+
rffE	3968156	3969283	+
rffD	3969283	3970542	+
rffG	3970545	3971609	+
rffH	3971631	3972509	+
rffC	3972490	3973161	+
rffA	3973169	3974296	+
wzxE	3974301	3975548	+
rffT	3975548	3976624	+
wzyE	3976624	3977973	+
rffM	3977979	3978716	+
yifK	3978910	3980292	+
aslB	3980981	3982213	+
aslA	3982378	3984030	-
hemY	3984712	3985905	-
hemX	3985911	3987089	-
hemD	3987114	3987851	-
hemC	3987851	3988789	-
cyaA	3989176	3991719	+
cyaY	3991765	3992082	-
yifL	3992545	3992745	+
dapF	3992785	3993606	+
yigA	3993606	3994310	+
xerC	3994310	3995203	+
yigB	3995206	3995919	+
uvrD	3996006	3998165	+
yigE	3998318	3999079	-
corA	3999449	4000396	+
yigF	4000445	4000822	-
yigG	4000839	4001216	-
rarD	4001314	4002201	-
yigI	4002256	4002720	-
pldA	4002885	4003751	+
recQ	4003887	4005713	+
rhtC	4005780	4006397	+
rhtB	4006465	4007082	-
pldB	4007193	4008212	+
yigL	4008223	4009020	+
yigM	4009099	4009995	+
metR	4009889	4010839	-
metE	4011076	4013334	+
ysgA	4013380	4014192	-
udp	4014454	4015212	+
rmuC	4015356	4016780	+
ubiE	4016878	4017630	+
yigP	4017647	4018249	+
ubiB	4018249	4019886	+
tatA	4019968	4020234	+
tatB	4020241	4020753	+
tatC	4020759	4021532	+
tatD	4021577	4022356	+
rfaH	4022359	4022844	-
ubiD	4023011	4024501	+
fre	4024550	4025248	+
fadA	4025635	4026795	-
fadB	4026808	4028994	-
pepQ	4029184	4030512	+
yigZ	4030515	4031126	+
trkH	4031168	4032616	+
hemG	4032631	4033173	+
mobB	4038932	4039456	-
mobA	4039441	4040022	-
yihD	4040092	4040358	+
rdoA	4040438	4041421	+
dsbA	4041441	4042064	+
yihF	4042222	4043649	+
yihG	4043696	4044625	-
polA	4044989	4047772	+
yihA	4048159	4048788	-
yihI	4049370	4049876	+
hemN	4050068	4051438	+
yshB	4051673	4051780	-
glnG	4051895	4053301	-
glnL	4053316	4054362	-
glnA	4054651	4056057	-
typA	4056430	4058250	+
yihL	4058470	4059177	+
yihM	4059188	4060165	+
yihN	4060270	4061532	+
ompL	4061629	4062318	-
yihO	4062389	4063789	-
yihP	4063835	4065217	-
yihQ	4065266	4067299	-
yihR	4067501	4068424	-
yihS	4068541	4069779	-
yihT	4069799	4070674	-
yihU	4070701	4071594	-
yihV	4071762	4072655	+
yihW	4072692	4073474	+
yihX	4073576	4074172	+
yihY	4074169	4075038	+
dtd	4075038	4075472	+
yiiD	4075472	4076458	+
yiiE	4077320	4077529	+
yiiF	4077774	4077989	+
fdhE	4078325	4079251	-
fdoI	4079251	4079883	-
fdoH	4079883	4080782	-
fdoG	4080798	4083845	-
fdhD	4084039	4084869	+
yiiG	4085025	4086077	+
frvR	4086133	4087878	-
frvX	4087881	4088948	-
frvB	4088941	4090389	-
frvA	4090403	4090846	-
rhaM	4091150	4091461	-
rhaD	4091474	4092295	-
rhaA	4092749	4094005	-
rhaB	4094005	4095471	-
rhaS	4095759	4096592	+
rhaR	4096669	4097514	+
rhaT	4097517	4098548	-
sodA	4098833	4099450	+
kdgT	4099713	4100693	+
yiiM	4100845	4101516	+
cpxA	4101628	4102998	-
cpxR	4102998	4103693	-
cpxP	4103843	4104340	+
fieF	4104492	4105391	+
pfkA	4105575	4106534	+
sbp	4106857	4107843	+
cdh	4107953	4108705	+
tpiA	4108766	4109530	-
yiiQ	4109641	4110237	-
yiiR	4110338	4110775	+
yiiS	4110990	4111286	+
uspD	4111316	4111741	+
fpr	4111752	4112495	-
glpX	4112595	4113602	-
glpK	4113740	4115245	-
glpF	4115271	4116113	-
zapB	4116538	4116780	+
rraA	4116871	4117353	-
menA	4117449	4118372	-
hslU	4118442	4119770	-
hslV	4119783	4120310	-
ftsN	4120406	4121362	-
cytR	4121457	4122479	-
priA	4122638	4124833	-
rpmE	4125036	4125245	+
yiiX	4125312	4125917	-
metJ	4126104	4126418	-
metB	4126695	4127852	+
metL	4127858	4130287	+
metF	4130639	4131526	+
katG	4131858	4134035	+
yijE	4134131	4135033	+
yijF	4135066	4135680	-
gldA	4135958	4137058	-
fsaB	4137072	4137731	-
ptsA	4137746	4140244	-
frwC	4140553	4141629	+
frwB	4141647	4141964	+
pflD	4142018	4144312	+
pflC	4144281	4145156	+
frwD	4145161	4145499	+
yijO	4145492	4146340	-
yijP	4146558	4148288	-
ppc	4148473	4151121	-
argE	4151722	4152870	-
argC	4153024	4154025	+
argB	4154036	4154809	+
argH	4154873	4156243	+
oxyR	4156513	4157427	+
sthA	4157416	4158813	-
fabR	4159147	4159791	+
yijD	4159794	4160150	+
trmA	4160196	4161293	-
btuB	4161662	4163503	+
murI	4163451	4164305	+
murB	4170080	4171105	+
birA	4171105	4172067	+
coaA	4172102	4173049	-
tufB	4173967	4175148	+
secE	4175381	4175761	+
nusG	4175766	4176308	+
rplK	4176470	4176895	+
rplA	4176902	4177603	+
rplJ	4178019	4178513	+
rplL	4178583	4178945	+
rpoB	4179268	4183293	+
rpoC	4183373	4187593	+
yjaZ	4187809	4188345	+
thiH	4188761	4189891	-
thiG	4189891	4190658	-
thiS	4190663	4190860	-
thiF	4190847	4191599	-
thiE	4191595	4192227	-
thiC	4192230	4194122	-
rsd	4194358	4194831	-
nudC	4194926	4195696	+
hemE	4195739	4196800	+
nfi	4196813	4197481	+
yjaG	4197527	4198114	+
hupA	4198304	4198573	+
yjaH	4198589	4199281	+
zraP	4199289	4199711	-
zraS	4199949	4201343	+
zraR	4201343	4202665	+
purD	4202668	4203954	-
purH	4203969	4205555	-
yjaA	4211257	4211637	+
yjaB	4211706	4212146	-
metA	4212303	4213229	+
aceB	4213501	4215099	+
aceA	4215132	4216433	+
aceK	4216619	4218352	+
arpA	4218327	4220510	-
iclR	4220830	4221651	-
metH	4221851	4225531	+
yjbB	4225754	4227382	+
pepE	4227479	4228165	-
rluF	4228377	4229246	+
yjbD	4229385	4229654	-
lysC	4229910	4231256	-
pgi	4231781	4233427	+
yjbE	4233929	4234168	+
yjbF	4234285	4234920	+
yjbG	4234920	4235654	+
yjbH	4235657	4237750	+
yjbT	4237803	4238078	-
psiE	4238348	4238755	+
xylE	4238805	4240277	-
malG	4240652	4241539	-
malF	4241557	4243098	-
malE	4243255	4244442	-
malK	4244807	4245919	+
lamB	4245994	4247331	+
malM	4247577	4248494	+
ubiC	4250529	4251023	+
ubiA	4251039	4251908	+
plsB	4252069	4254489	-
dgkA	4254660	4255025	+
lexA	4255138	4255743	+
dinF	4255765	4257141	+
yjbJ	4257260	4257466	+
zur	4257514	4258026	-
yjbL	4258344	4258595	+
yjbM	4258622	4259326	+
dusA	4259737	4260726	+
pspG	4260863	4261102	+
qorA	4261274	4262254	-
dnaB	4262337	4263749	+
alr	4263805	4264881	+
tyrB	4265137	4266327	+
yjbS	4266835	4267035	-
aphA	4267437	4268147	+
yjbQ	4268261	4268674	+
yjbR	4268681	4269034	+
uvrA	4269075	4271894	-
ssb	4272148	4272681	+
yjcB	4272786	4273064	-
yjcC	4273494	4275077	+
soxS	4275086	4275406	-
soxR	4275492	4275953	+
yjcD	4276502	4277848	+
yjcE	4278003	4279649	+
yjcF	4279809	4281098	-
actP	4281279	4282925	-
yjcH	4282925	4283236	-
acs	4283439	4285394	-
nrfA	4285787	4287220	+
nrfB	4287268	4287831	+
nrfC	4287831	4288499	+
nrfD	4288499	4289452	+
nrfE	4289535	4291190	+
nrfF	4291186	4291566	+
nrfG	4291566	4292159	+
gltP	4292504	4293814	+
yjcO	4294462	4295148	-
fdhF	4295245	4297389	-
mdtP	4297590	4299053	-
mdtO	4299053	4301101	-
mdtN	4301104	4302132	-
ytcA	4302154	4302426	-
yjcS	4302638	4304620	-
alsK	4304896	4305822	-
alsE	4305809	4306501	-
alsC	4306515	4307492	-
alsA	4307474	4309003	-
alsB	4309133	4310065	-
rpiR	4310127	4311014	-
rpiB	4311373	4311819	+
yjdP	4311891	4312217	+
phnP	4312370	4313125	-
phnO	4313130	4313561	-
phnN	4313551	4314105	-
phnM	4314108	4315241	-
phnL	4315241	4315918	-
phnK	4316032	4316787	-
phnJ	4316787	4317629	-
phnI	4317625	4318686	-
phnH	4318689	4319270	-
phnG	4319270	4319719	-
phnF	4319723	4320445	-
phnD	4321362	4322375	-
phnC	4322403	4323188	-
yjdN	4323324	4323764	-
yjdM	4324425	4324757	-
yjdA	4325158	4327383	+
yjcZ	4327383	4328258	+
proP	4328525	4330024	+
pmrR	4330139	4330225	+
basS	4330207	4331295	-
basR	4331308	4331973	-
eptA	4331973	4333613	-
adiC	4333720	4335054	-
adiY	4335194	4335952	-
adiA	4336280	4338544	-
melR	4338746	4339651	-
melA	4339934	4341286	+
melB	4341392	4342810	+
yjdF	4342955	4343581	-
fumB	4343706	4345349	-
dcuB	4345430	4346767	-
dcuR	4347341	4348057	-
dcuS	4348057	4349685	-
yjdI	4349866	4350093	+
yjdJ	4350108	4350377	+
yjdK	4350607	4350900	+
yjdO	4350931	4351101	+
lysU	4351226	4352740	-
yjdL	4352980	4354434	-
cadA	4354496	4356640	-
cadB	4356723	4358054	-
cadC	4358422	4359957	-
yjdC	4360759	4361331	-
dsbD	4361371	4363065	-
cutA	4363044	4363379	-
dcuA	4363498	4364796	-
aspA	4364917	4366350	-
fxsA	4366687	4367160	+
yjeH	4367182	4368435	-
groS	4368711	4369001	+
groL	4369048	4370691	+
yjeI	4370832	4371182	+
yjeJ	4371391	4372257	-
yjeK	4372655	4373680	-
efp	4373722	4374285	+
ecnA	4374340	4374462	+
ecnB	4374576	4374719	+
sugE	4374898	4375212	+
blc	4375215	4375745	-
ampC	4375837	4376967	-
frdD	4377033	4377389	-
frdC	4377403	4377795	-
frdB	4377809	4378540	-
frdA	4378536	4380341	-
yjeA	4380666	4381640	+
yjeM	4381862	4383361	+
yjeN	4383416	4383727	+
yjeO	4383727	4384038	+
yjeP	4384073	4387393	-
psd	4387418	4388383	-
rsgA	4388483	4389532	-
orn	4389627	4390169	+
yjeV	4390915	4390965	+
queG	4390954	4392090	-
yjeF	4392089	4393633	+
yjeE	4393608	4394066	+
amiB	4394088	4395422	+
mutL	4395435	4397279	+
miaA	4397275	4398222	+
hfq	4398311	4398616	+
hflX	4398695	4399972	+
hflK	4400061	4401317	+
hflC	4401323	4402324	+
yjeT	4402409	4402603	+
purA	4402710	4404005	+
nsrR	4404213	4404635	+
rnr	4404677	4407115	+
rlmB	4407298	4408026	+
yjfI	4408156	4408554	+
yjfJ	4408576	4409271	+
yjfK	4409325	4409981	+
yjfL	4410002	4410397	+
yjfM	4410410	4411045	+
yjfC	4411051	4412211	+
aidB	4412298	4413920	+
yjfN	4414043	4414315	-
bsmA	4414467	4414793	-
yjfP	4414975	4415721	+
ulaR	4415724	4416476	-
ulaG	4416587	4417648	-
ulaA	4418003	4419397	+
ulaB	4419416	4419718	+
ulaC	4419731	4420192	+
ulaD	4420209	4420856	+
ulaE	4420869	4421720	+
ulaF	4421723	4422406	+
yjfY	4422542	4422814	-
rpsF	4423141	4423533	+
priB	4423543	4423854	+
rpsR	4423862	4424086	+
rplI	4424131	4424577	+
yjfZ	4424654	4425445	-
ytfB	4426105	4426740	-
fklB	4426958	4427575	+
cycA	4427887	4429296	+
ytfE	4429347	4430006	-
ytfF	4430117	4431079	-
qorB	4431190	4432047	-
ytfH	4432136	4432513	+
cpdB	4432648	4434588	-
cysQ	4434778	4435515	+
ytfI	4435730	4436665	+
ytfJ	4436734	4437285	-
ytfK	4437610	4437813	+
ytfL	4437898	4439238	-
msrA	4439564	4440199	-
ytfM	4440405	4442135	+
ytfN	4442135	4445911	+
ytfP	4445917	4446255	+
chpS	4446470	4446718	+
chpB	4446715	4447062	+
ppa	4447148	4447675	-
ytfQ	4447985	4448938	+
ytfR	4449081	4450580	+
ytfT	4450594	4451616	+
yjfF	4451606	4452598	+
fbp	4452637	4453632	-
mpl	4453808	4455178	+
yjgA	4455340	4455888	-
pmbA	4455982	4457331	+
nrdG	4457926	4458387	-
nrdD	4458548	4460683	-
treC	4461080	4462732	-
treB	4462785	4464203	-
treR	4464325	4465269	-
mgtL	4465454	4465504	+
mgtA	4465648	4468341	+
yjgF	4468553	4468936	-
pyrI	4469012	4469470	-
pyrB	4469486	4470418	-
pyrL	4470425	4470556	-
yjgH	4470840	4471232	-
yjgI	4471366	4472076	-
yjgJ	4472147	4472737	+
tabA	4472885	4473334	+
yjgL	4473460	4475271	+
argI	4475333	4476334	-
rraB	4476496	4476909	+
yjgM	4477060	4477560	-
yjgN	4477753	4478946	+
valS	4479008	4481860	-
holC	4481863	4482303	-
pepA	4482466	4483974	-
lptF	4484241	4485338	+
lptG	4485341	4486420	+
yjgR	4486587	4488086	-
idnR	4488167	4489162	-
idnT	4489232	4490548	-
idnO	4490613	4491374	-
idnD	4491401	4492429	-
idnK	4492646	4493206	+
yjgB	4493216	4494232	-
insC	4496295	4496657	+
insD	4496618	4497520	+
yjgZ	4499283	4499609	+
insG	4500129	4501454	-
yjhB	4502081	4503295	+
yjhC	4503310	4504425	+
ythA	4504471	4504593	+
insI	4505492	4506640	-
fecE	4508716	4509480	-
fecD	4509484	4510437	-
fecC	4510437	4511432	-
fecB	4511432	4512331	-
fecA	4512379	4514700	-
fecR	4514790	4515740	-
fecI	4515740	4516258	-
insA	4516550	4516822	+
yjhU	4517364	4518347	-
yjhF	4518697	4520043	-
yjhG	4520153	4522117	-
yjhH	4522131	4523033	-
yjhI	4523041	4523826	-
sgcR	4524132	4524911	-
sgcE	4524931	4525560	-
sgcA	4525575	4526003	-
sgcQ	4526137	4526940	-
sgcC	4526956	4528266	-
sgcB	4528281	4528556	-
sgcX	4528556	4529674	-
yjhP	4530463	4531206	-
yjhQ	4531265	4531807	-
yjhX	4531822	4532076	-
nanS	4534640	4535617	-
nanM	4535685	4536788	-
nanC	4536811	4537524	-
fimB	4538980	4539579	+
fimE	4540060	4540653	+
fimA	4541138	4541683	+
fimI	4541751	4542287	+
fimC	4542327	4543049	+
fimD	4543119	4545752	+
fimF	4545765	4546292	+
fimG	4546308	4546808	+
fimH	4546831	4547730	+
gntP	4547979	4549319	-
uxuA	4549659	4550840	+
uxuB	4550924	4552381	+
uxuR	4552599	4553369	+
yjiC	4553516	4554343	-
iraD	4555016	4555405	+
qseD	4555404	4556312	-
iadA	4556380	4557549	-
yjiG	4557565	4558023	-
yjiH	4558023	4558703	-
kptA	4558953	4559504	+
yjiJ	4559523	4560698	-
yjiK	4560769	4561626	-
yjiL	4561948	4562712	-
yjiM	4562725	4563873	-
yjiN	4563992	4565269	-
mdtM	4565313	4566542	-
yjiR	4568188	4569597	-
yjiS	4569774	4569935	+
mcrC	4574938	4575981	-
mcrB	4575984	4577360	-
symE	4577525	4577863	-
hsdS	4578094	4579485	-
hsdM	4579485	4581071	-
hsdR	4581275	4584784	-
mrr	4584972	4585883	+
yjiA	4585935	4586888	-
yjiX	4586902	4587102	-
yjiY	4587155	4589302	-
tsr	4589680	4591332	+
yjjL	4591387	4592745	-
yjjM	4592963	4593874	-
yjjN	4594013	4595032	+
opgB	4595176	4597464	-
yjjA	4597721	4598212	-
dnaC	4598264	4598998	-
dnaT	4599004	4599540	-
yjjB	4599650	4600120	-
yjjP	4600114	4600881	-
yjjQ	4601500	4602222	+
bglJ	4602183	4602857	+
fhuF	4602901	4603686	-
yjjZ	4603827	4604060	+
rsmC	4604695	4605723	-
holD	4605826	4606236	+
rimI	4606208	4606651	+
yjjG	4606669	4607343	+
prfC	4607437	4609023	+
osmY	4609419	4610021	+
ytjA	4610151	4610309	+
yjjU	4610434	4611504	+
yjjV	4611504	4612280	+
yjjW	4612706	4613566	-
yjjI	4613541	4615088	-
deoC	4615346	4616122	+
deoA	4616252	4617571	+
deoB	4617626	4618846	+
deoD	4618906	4619622	+
yjjJ	4619792	4621120	+
lplA	4621127	4622140	-
ytjB	4622171	4622812	-
serB	4622918	4623883	+
radA	4623935	4625314	+
nadR	4625338	4626567	+
yjjK	4626881	4628545	-
slt	4628756	4630690	+
trpR	4630783	4631106	+
yjjX	4631259	4631768	-
ytjC	4631820	4632464	+
rob	4632467	4633333	-
creA	4633544	4634014	+
creB	4634030	4634716	+
creC	4634719	4636140	+
creD	4636201	4637550	+
arcA	4637616	4638329	-
yjjY	4638425	4638562	+
yjtD	4638965	4639648	+
